t1,t2,t3,t4,t5,t6,t7,t8,t9,t10,t11,t12,t13,t14,t15,t16,t17,t18,t19,t20,Status
0,0,0,0,0,0,0,0,0,0,0,0,0,0,0,0,0,0,0,0,0
0,0,0,0,0,0,0,0,0,0,0,0,0,0,0,0,0,0,0,0,0
0,0,0,0,0,0,0,0,0,0,0,0,0,0,0,0,0,0,0,0,0
0,0,0,0,0,0,0,0,0,0,0,0,0,0,0,0,0,0,0,0,0
0,0,0,0,0,0,0,0,0,0,0,0,0,0,0,0,0,0,0,0,0
0,0,0,0,0,0,0,0,0,0,0,0,0,0,0,0,0,0,0,0,0
0,0,0,0,0,0,0,0,0,0,0,0,0,0,0,0,0,0,0,0,0
0,0,0,0,0,0,0,0,0,0,0,0,0,0,0,0,0,0,0,0,0
0,0,0,0,0,0,0,0,0,0,0,0,0,0,0,0,0,0,0,0,0
0,0,0,0,0,0,0,0,0,0,0,0,0,0,0,0,0,0,0,0,0
0,0,0,0,0,0,0,0,0,0,0,0,0,0,0,0,0,0,0,0,0
0,0,0,0,0,0,0,0,0,0,0,0,0,0,0,0,0,0,0,0,0
0,0,0,0,0,0,0,0,0,0,0,0,0,0,0,0,0,0,0,0,0
0,0,0,0,0,0,0,0,0,0,0,0,0,0,0,0,0,0,0,0,0
0,0,0,0,0,0,0,0,0,0,0,0,0,0,0,0,0,0,0,0,0
0,0,0,0,0,0,0,0,0,0,0,0,0,0,0,0,0,0,0,0,0
0,0,0,0,0,0,0,0,0,0,0,0,0,0,0,0,0,0,0,0,0
0,0,0,0,0,0,0,0,0,0,0,0,0,0,0,0,0,0,0,0,0
0,0,0,0,0,0,0,0,0,0,0,0,0,0,0,0,0,0,0,0,0
0,0,0,0,0,0,0,0,0,0,0,0,0,0,0,0,0,0,0,0,0
0,0,0,0,0,0,0,0,0,0,0,0,0,0,0,0,0,0,0,0,0
0,0,0,0,0,0,0,0,0,0,0,0,0,0,0,0,0,0,0,0,0
0,0,0,0,0,0,0,0,0,0,0,0,0,0,0,0,0,0,0,0,0
1,0,0,0,0,0,0,0,0,0,0,0,0,0,0,0,0,0,0,0,0
4,1,0,0,0,0,0,0,0,0,0,0,0,0,0,0,0,0,0,0,0
8,4,1,0,0,0,0,0,0,0,0,0,0,0,0,0,0,0,0,0,0
11,8,4,1,0,0,0,0,0,0,0,0,0,0,0,0,0,0,0,0,0
14,11,8,4,1,0,0,0,0,0,0,0,0,0,0,0,0,0,0,0,0
14,14,11,8,4,1,0,0,0,0,0,0,0,0,0,0,0,0,0,0,0
17,14,14,11,8,4,1,0,0,0,0,0,0,0,0,0,0,0,0,0,0
21,17,14,14,11,8,4,1,0,0,0,0,0,0,0,0,0,0,0,0,0
27,21,17,14,14,11,8,4,1,0,0,0,0,0,0,0,0,0,0,0,0
30,27,21,17,14,14,11,8,4,1,0,0,0,0,0,0,0,0,0,0,0
36,30,27,21,17,14,14,11,8,4,1,0,0,0,0,0,0,0,0,0,0
39,36,30,27,21,17,14,14,11,8,4,1,0,0,0,0,0,0,0,0,0
45,39,36,30,27,21,17,14,14,11,8,4,1,0,0,0,0,0,0,0,0
46,45,39,36,30,27,21,17,14,14,11,8,4,1,0,0,0,0,0,0,0
49,46,45,39,36,30,27,21,17,14,14,11,8,4,1,0,0,0,0,0,0
49,49,46,45,39,36,30,27,21,17,14,14,11,8,4,1,0,0,0,0,0
50,49,49,46,45,39,36,30,27,21,17,14,14,11,8,4,1,0,0,0,0
51,50,49,49,46,45,39,36,30,27,21,17,14,14,11,8,4,1,0,0,0
51,51,50,49,49,46,45,39,36,30,27,21,17,14,14,11,8,4,1,0,0
55,51,51,50,49,49,46,45,39,36,30,27,21,17,14,14,11,8,4,1,0
55,55,51,51,50,49,49,46,45,39,36,30,27,21,17,14,14,11,8,4,0
55,55,55,51,51,50,49,49,46,45,39,36,30,27,21,17,14,14,11,8,0
52,55,55,55,51,51,50,49,49,46,45,39,36,30,27,21,17,14,14,11,0
50,52,55,55,55,51,51,50,49,49,46,45,39,36,30,27,21,17,14,14,0
47,50,52,55,55,55,51,51,50,49,49,46,45,39,36,30,27,21,17,14,0
47,47,50,52,55,55,55,51,51,50,49,49,46,45,39,36,30,27,21,17,0
51,47,47,50,52,55,55,55,51,51,50,49,49,46,45,39,36,30,27,21,0
58,51,47,47,50,52,55,55,55,51,51,50,49,49,46,45,39,36,30,27,0
58,58,51,47,47,50,52,55,55,55,51,51,50,49,49,46,45,39,36,30,0
57,58,58,51,47,47,50,52,55,55,55,51,51,50,49,49,46,45,39,36,0
52,57,58,58,51,47,47,50,52,55,55,55,51,51,50,49,49,46,45,39,0
45,52,57,58,58,51,47,47,50,52,55,55,55,51,51,50,49,49,46,45,0
43,45,52,57,58,58,51,47,47,50,52,55,55,55,51,51,50,49,49,46,0
49,43,45,52,57,58,58,51,47,47,50,52,55,55,55,51,51,50,49,49,0
61,49,43,45,52,57,58,58,51,47,47,50,52,55,55,55,51,51,50,49,0
62,61,49,43,45,52,57,58,58,51,47,47,50,52,55,55,55,51,51,50,0
67,62,61,49,43,45,52,57,58,58,51,47,47,50,52,55,55,55,51,51,1
67,67,62,61,49,43,45,52,57,58,58,51,47,47,50,52,55,55,55,51,1
69,67,67,62,61,49,43,45,52,57,58,58,51,47,47,50,52,55,55,55,1
68,69,67,67,62,61,49,43,45,52,57,58,58,51,47,47,50,52,55,55,1
61,68,69,67,67,62,61,49,43,45,52,57,58,58,51,47,47,50,52,55,1
57,61,68,69,67,67,62,61,49,43,45,52,57,58,58,51,47,47,50,52,1
57,57,61,68,69,67,67,62,61,49,43,45,52,57,58,58,51,47,47,50,1
63,57,57,61,68,69,67,67,62,61,49,43,45,52,57,58,58,51,47,47,1
64,63,57,57,61,68,69,67,67,62,61,49,43,45,52,57,58,58,51,47,1
63,64,63,57,57,61,68,69,67,67,62,61,49,43,45,52,57,58,58,51,1
56,63,64,63,57,57,61,68,69,67,67,62,61,49,43,45,52,57,58,58,1
50,56,63,64,63,57,57,61,68,69,67,67,62,61,49,43,45,52,57,58,1
50,50,56,63,64,63,57,57,61,68,69,67,67,62,61,49,43,45,52,57,1
51,50,50,56,63,64,63,57,57,61,68,69,67,67,62,61,49,43,45,52,1
56,51,50,50,56,63,64,63,57,57,61,68,69,67,67,62,61,49,43,45,1
64,56,51,50,50,56,63,64,63,57,57,61,68,69,67,67,62,61,49,43,1
67,64,56,51,50,50,56,63,64,63,57,57,61,68,69,67,67,62,61,49,1
69,67,64,56,51,50,50,56,63,64,63,57,57,61,68,69,67,67,62,61,1
69,69,67,64,56,51,50,50,56,63,64,63,57,57,61,68,69,67,67,62,1
57,69,69,67,64,56,51,50,50,56,63,64,63,57,57,61,68,69,67,67,1
39,57,69,69,67,64,56,51,50,50,56,63,64,63,57,57,61,68,69,67,1
39,39,57,69,69,67,64,56,51,50,50,56,63,64,63,57,57,61,68,69,1
45,39,39,57,69,69,67,64,56,51,50,50,56,63,64,63,57,57,61,68,1
55,45,39,39,57,69,69,67,64,56,51,50,50,56,63,64,63,57,57,61,1
59,55,45,39,39,57,69,69,67,64,56,51,50,50,56,63,64,63,57,57,1
60,59,55,45,39,39,57,69,69,67,64,56,51,50,50,56,63,64,63,57,1
61,60,59,55,45,39,39,57,69,69,67,64,56,51,50,50,56,63,64,63,1
68,61,60,59,55,45,39,39,57,69,69,67,64,56,51,50,50,56,63,64,1
68,68,61,60,59,55,45,39,39,57,69,69,67,64,56,51,50,50,56,63,1
63,68,68,61,60,59,55,45,39,39,57,69,69,67,64,56,51,50,50,56,1
51,63,68,68,61,60,59,55,45,39,39,57,69,69,67,64,56,51,50,50,1
49,51,63,68,68,61,60,59,55,45,39,39,57,69,69,67,64,56,51,50,1
53,49,51,63,68,68,61,60,59,55,45,39,39,57,69,69,67,64,56,51,1
73,53,49,51,63,68,68,61,60,59,55,45,39,39,57,69,69,67,64,56,1
73,73,53,49,51,63,68,68,61,60,59,55,45,39,39,57,69,69,67,64,1
57,73,73,53,49,51,63,68,68,61,60,59,55,45,39,39,57,69,69,67,1
46,57,73,73,53,49,51,63,68,68,61,60,59,55,45,39,39,57,69,69,1
46,46,57,73,73,53,49,51,63,68,68,61,60,59,55,45,39,39,57,69,1
70,46,46,57,73,73,53,49,51,63,68,68,61,60,59,55,45,39,39,57,1
77,70,46,46,57,73,73,53,49,51,63,68,68,61,60,59,55,45,39,39,1
86,77,70,46,46,57,73,73,53,49,51,63,68,68,61,60,59,55,45,39,1
95,86,77,70,46,46,57,73,73,53,49,51,63,68,68,61,60,59,55,45,1
99,95,86,77,70,46,46,57,73,73,53,49,51,63,68,68,61,60,59,55,1
100,99,95,86,77,70,46,46,57,73,73,53,49,51,63,68,68,61,60,59,1
100,100,99,95,86,77,70,46,46,57,73,73,53,49,51,63,68,68,61,60,1
100,100,100,99,95,86,77,70,46,46,57,73,73,53,49,51,63,68,68,61,1
100,100,100,100,99,95,86,77,70,46,46,57,73,73,53,49,51,63,68,68,1
100,100,100,100,100,99,95,86,77,70,46,46,57,73,73,53,49,51,63,68,1
100,100,100,100,100,100,99,95,86,77,70,46,46,57,73,73,53,49,51,63,1
100,100,100,100,100,100,100,99,95,86,77,70,46,46,57,73,73,53,49,51,1
100,100,100,100,100,100,100,100,99,95,86,77,70,46,46,57,73,73,53,49,1
100,100,100,100,100,100,100,100,100,99,95,86,77,70,46,46,57,73,73,53,1
100,100,100,100,100,100,100,100,100,100,99,95,86,77,70,46,46,57,73,73,1
93,100,100,100,100,100,100,100,100,100,100,99,95,86,77,70,46,46,57,73,1
86,93,100,100,100,100,100,100,100,100,100,100,99,95,86,77,70,46,46,57,1
62,86,93,100,100,100,100,100,100,100,100,100,100,99,95,86,77,70,46,46,1
42,62,86,93,100,100,100,100,100,100,100,100,100,100,99,95,86,77,70,46,1
35,42,62,86,93,100,100,100,100,100,100,100,100,100,100,99,95,86,77,70,1
35,35,42,62,86,93,100,100,100,100,100,100,100,100,100,100,99,95,86,77,1
44,35,35,42,62,86,93,100,100,100,100,100,100,100,100,100,100,99,95,86,1
55,44,35,35,42,62,86,93,100,100,100,100,100,100,100,100,100,100,99,95,1
71,55,44,35,35,42,62,86,93,100,100,100,100,100,100,100,100,100,100,99,1
72,71,55,44,35,35,42,62,86,93,100,100,100,100,100,100,100,100,100,100,1
76,72,71,55,44,35,35,42,62,86,93,100,100,100,100,100,100,100,100,100,1
85,76,72,71,55,44,35,35,42,62,86,93,100,100,100,100,100,100,100,100,1
85,85,76,72,71,55,44,35,35,42,62,86,93,100,100,100,100,100,100,100,1
90,85,85,76,72,71,55,44,35,35,42,62,86,93,100,100,100,100,100,100,1
90,90,85,85,76,72,71,55,44,35,35,42,62,86,93,100,100,100,100,100,1
83,90,90,85,85,76,72,71,55,44,35,35,42,62,86,93,100,100,100,100,1
70,83,90,90,85,85,76,72,71,55,44,35,35,42,62,86,93,100,100,100,1
70,70,83,90,90,85,85,76,72,71,55,44,35,35,42,62,86,93,100,100,1
82,70,70,83,90,90,85,85,76,72,71,55,44,35,35,42,62,86,93,100,1
88,82,70,70,83,90,90,85,85,76,72,71,55,44,35,35,42,62,86,93,1
93,88,82,70,70,83,90,90,85,85,76,72,71,55,44,35,35,42,62,86,1
93,93,88,82,70,70,83,90,90,85,85,76,72,71,55,44,35,35,42,62,1
89,93,93,88,82,70,70,83,90,90,85,85,76,72,71,55,44,35,35,42,1
100,89,93,93,88,82,70,70,83,90,90,85,85,76,72,71,55,44,35,35,1
100,100,89,93,93,88,82,70,70,83,90,90,85,85,76,72,71,55,44,35,1
100,100,100,89,93,93,88,82,70,70,83,90,90,85,85,76,72,71,55,44,1
100,100,100,100,89,93,93,88,82,70,70,83,90,90,85,85,76,72,71,55,1
100,100,100,100,100,89,93,93,88,82,70,70,83,90,90,85,85,76,72,71,1
89,100,100,100,100,100,89,93,93,88,82,70,70,83,90,90,85,85,76,72,1
68,89,100,100,100,100,100,89,93,93,88,82,70,70,83,90,90,85,85,76,1
51,68,89,100,100,100,100,100,89,93,93,88,82,70,70,83,90,90,85,85,1
40,51,68,89,100,100,100,100,100,89,93,93,88,82,70,70,83,90,90,85,1
38,40,51,68,89,100,100,100,100,100,89,93,93,88,82,70,70,83,90,90,1
38,38,40,51,68,89,100,100,100,100,100,89,93,93,88,82,70,70,83,90,1
48,38,38,40,51,68,89,100,100,100,100,100,89,93,93,88,82,70,70,83,1
55,48,38,38,40,51,68,89,100,100,100,100,100,89,93,93,88,82,70,70,1
65,55,48,38,38,40,51,68,89,100,100,100,100,100,89,93,93,88,82,70,1
67,65,55,48,38,38,40,51,68,89,100,100,100,100,100,89,93,93,88,82,1
67,67,65,55,48,38,38,40,51,68,89,100,100,100,100,100,89,93,93,88,1
61,67,67,65,55,48,38,38,40,51,68,89,100,100,100,100,100,89,93,93,1
58,61,67,67,65,55,48,38,38,40,51,68,89,100,100,100,100,100,89,93,1
58,58,61,67,67,65,55,48,38,38,40,51,68,89,100,100,100,100,100,89,1
61,58,58,61,67,67,65,55,48,38,38,40,51,68,89,100,100,100,100,100,1
63,61,58,58,61,67,67,65,55,48,38,38,40,51,68,89,100,100,100,100,1
64,63,61,58,58,61,67,67,65,55,48,38,38,40,51,68,89,100,100,100,1
64,64,63,61,58,58,61,67,67,65,55,48,38,38,40,51,68,89,100,100,1
60,64,64,63,61,58,58,61,67,67,65,55,48,38,38,40,51,68,89,100,1
60,60,64,64,63,61,58,58,61,67,67,65,55,48,38,38,40,51,68,89,1
63,60,60,64,64,63,61,58,58,61,67,67,65,55,48,38,38,40,51,68,1
65,63,60,60,64,64,63,61,58,58,61,67,67,65,55,48,38,38,40,51,1
65,65,63,60,60,64,64,63,61,58,58,61,67,67,65,55,48,38,38,40,1
65,65,65,63,60,60,64,64,63,61,58,58,61,67,67,65,55,48,38,38,1
60,65,65,65,63,60,60,64,64,63,61,58,58,61,67,67,65,55,48,38,1
57,60,65,65,65,63,60,60,64,64,63,61,58,58,61,67,67,65,55,48,1
54,57,60,65,65,65,63,60,60,64,64,63,61,58,58,61,67,67,65,55,1
54,54,57,60,65,65,65,63,60,60,64,64,63,61,58,58,61,67,67,65,1
55,54,54,57,60,65,65,65,63,60,60,64,64,63,61,58,58,61,67,67,1
62,55,54,54,57,60,65,65,65,63,60,60,64,64,63,61,58,58,61,67,1
63,62,55,54,54,57,60,65,65,65,63,60,60,64,64,63,61,58,58,61,1
63,63,62,55,54,54,57,60,65,65,65,63,60,60,64,64,63,61,58,58,1
62,63,63,62,55,54,54,57,60,65,65,65,63,60,60,64,64,63,61,58,1
55,62,63,63,62,55,54,54,57,60,65,65,65,63,60,60,64,64,63,61,1
53,55,62,63,63,62,55,54,54,57,60,65,65,65,63,60,60,64,64,63,1
53,53,55,62,63,63,62,55,54,54,57,60,65,65,65,63,60,60,64,64,1
58,53,53,55,62,63,63,62,55,54,54,57,60,65,65,65,63,60,60,64,1
58,58,53,53,55,62,63,63,62,55,54,54,57,60,65,65,65,63,60,60,1
57,58,58,53,53,55,62,63,63,62,55,54,54,57,60,65,65,65,63,60,1
51,57,58,58,53,53,55,62,63,63,62,55,54,54,57,60,65,65,65,63,1
51,51,57,58,58,53,53,55,62,63,63,62,55,54,54,57,60,65,65,65,1
51,51,51,57,58,58,53,53,55,62,63,63,62,55,54,54,57,60,65,65,1
51,51,51,51,57,58,58,53,53,55,62,63,63,62,55,54,54,57,60,65,1
51,51,51,51,51,57,58,58,53,53,55,62,63,63,62,55,54,54,57,60,1
51,51,51,51,51,51,57,58,58,53,53,55,62,63,63,62,55,54,54,57,1
51,51,51,51,51,51,51,57,58,58,53,53,55,62,63,63,62,55,54,54,1
54,51,51,51,51,51,51,51,57,58,58,53,53,55,62,63,63,62,55,54,1
56,54,51,51,51,51,51,51,51,57,58,58,53,53,55,62,63,63,62,55,1
56,56,54,51,51,51,51,51,51,51,57,58,58,53,53,55,62,63,63,62,1
56,56,56,54,51,51,51,51,51,51,51,57,58,58,53,53,55,62,63,63,1
54,56,56,56,54,51,51,51,51,51,51,51,57,58,58,53,53,55,62,63,0
52,54,56,56,56,54,51,51,51,51,51,51,51,57,58,58,53,53,55,62,0
50,52,54,56,56,56,54,51,51,51,51,51,51,51,57,58,58,53,53,55,0
50,50,52,54,56,56,56,54,51,51,51,51,51,51,51,57,58,58,53,53,0
54,50,50,52,54,56,56,56,54,51,51,51,51,51,51,51,57,58,58,53,0
55,54,50,50,52,54,56,56,56,54,51,51,51,51,51,51,51,57,58,58,0
55,55,54,50,50,52,54,56,56,56,54,51,51,51,51,51,51,51,57,58,0
55,55,55,54,50,50,52,54,56,56,56,54,51,51,51,51,51,51,51,57,0
55,55,55,55,54,50,50,52,54,56,56,56,54,51,51,51,51,51,51,51,0
55,55,55,55,55,54,50,50,52,54,56,56,56,54,51,51,51,51,51,51,0
55,55,55,55,55,55,54,50,50,52,54,56,56,56,54,51,51,51,51,51,0
57,55,55,55,55,55,55,54,50,50,52,54,56,56,56,54,51,51,51,51,0
58,57,55,55,55,55,55,55,54,50,50,52,54,56,56,56,54,51,51,51,0
58,58,57,55,55,55,55,55,55,54,50,50,52,54,56,56,56,54,51,51,0
58,58,58,57,55,55,55,55,55,55,54,50,50,52,54,56,56,56,54,51,0
60,58,58,58,57,55,55,55,55,55,55,54,50,50,52,54,56,56,56,54,0
63,60,58,58,58,57,55,55,55,55,55,55,54,50,50,52,54,56,56,56,0
63,63,60,58,58,58,57,55,55,55,55,55,55,54,50,50,52,54,56,56,1
67,63,63,60,58,58,58,57,55,55,55,55,55,55,54,50,50,52,54,56,1
67,67,63,63,60,58,58,58,57,55,55,55,55,55,55,54,50,50,52,54,1
63,67,67,63,63,60,58,58,58,57,55,55,55,55,55,55,54,50,50,52,1
57,63,67,67,63,63,60,58,58,58,57,55,55,55,55,55,55,54,50,50,1
57,57,63,67,67,63,63,60,58,58,58,57,55,55,55,55,55,55,54,50,1
58,57,57,63,67,67,63,63,60,58,58,58,57,55,55,55,55,55,55,54,1
61,58,57,57,63,67,67,63,63,60,58,58,58,57,55,55,55,55,55,55,1
61,61,58,57,57,63,67,67,63,63,60,58,58,58,57,55,55,55,55,55,1
61,61,61,58,57,57,63,67,67,63,63,60,58,58,58,57,55,55,55,55,1
57,61,61,61,58,57,57,63,67,67,63,63,60,58,58,58,57,55,55,55,1
57,57,61,61,61,58,57,57,63,67,67,63,63,60,58,58,58,57,55,55,1
54,57,57,61,61,61,58,57,57,63,67,67,63,63,60,58,58,58,57,55,1
54,54,57,57,61,61,61,58,57,57,63,67,67,63,63,60,58,58,58,57,1
53,54,54,57,57,61,61,61,58,57,57,63,67,67,63,63,60,58,58,58,1
53,53,54,54,57,57,61,61,61,58,57,57,63,67,67,63,63,60,58,58,1
54,53,53,54,54,57,57,61,61,61,58,57,57,63,67,67,63,63,60,58,1
57,54,53,53,54,54,57,57,61,61,61,58,57,57,63,67,67,63,63,60,1
61,57,54,53,53,54,54,57,57,61,61,61,58,57,57,63,67,67,63,63,1
61,61,57,54,53,53,54,54,57,57,61,61,61,58,57,57,63,67,67,63,1
61,61,61,57,54,53,53,54,54,57,57,61,61,61,58,57,57,63,67,67,1
58,61,61,61,57,54,53,53,54,54,57,57,61,61,61,58,57,57,63,67,1
54,58,61,61,61,57,54,53,53,54,54,57,57,61,61,61,58,57,57,63,1
54,54,58,61,61,61,57,54,53,53,54,54,57,57,61,61,61,58,57,57,1
54,54,54,58,61,61,61,57,54,53,53,54,54,57,57,61,61,61,58,57,1
54,54,54,54,58,61,61,61,57,54,53,53,54,54,57,57,61,61,61,58,1
60,54,54,54,54,58,61,61,61,57,54,53,53,54,54,57,57,61,61,61,1
60,60,54,54,54,54,58,61,61,61,57,54,53,53,54,54,57,57,61,61,1
60,60,60,54,54,54,54,58,61,61,61,57,54,53,53,54,54,57,57,61,1
60,60,60,60,54,54,54,54,58,61,61,61,57,54,53,53,54,54,57,57,1
60,60,60,60,60,54,54,54,54,58,61,61,61,57,54,53,53,54,54,57,1
64,60,60,60,60,60,54,54,54,54,58,61,61,61,57,54,53,53,54,54,1
67,64,60,60,60,60,60,54,54,54,54,58,61,61,61,57,54,53,53,54,1
67,67,64,60,60,60,60,60,54,54,54,54,58,61,61,61,57,54,53,53,1
59,67,67,64,60,60,60,60,60,54,54,54,54,58,61,61,61,57,54,53,1
52,59,67,67,64,60,60,60,60,60,54,54,54,54,58,61,61,61,57,54,1
51,52,59,67,67,64,60,60,60,60,60,54,54,54,54,58,61,61,61,57,1
51,51,52,59,67,67,64,60,60,60,60,60,54,54,54,54,58,61,61,61,1
60,51,51,52,59,67,67,64,60,60,60,60,60,54,54,54,54,58,61,61,1
61,60,51,51,52,59,67,67,64,60,60,60,60,60,54,54,54,54,58,61,1
60,61,60,51,51,52,59,67,67,64,60,60,60,60,60,54,54,54,54,58,1
55,60,61,60,51,51,52,59,67,67,64,60,60,60,60,60,54,54,54,54,1
55,55,60,61,60,51,51,52,59,67,67,64,60,60,60,60,60,54,54,54,1
56,55,55,60,61,60,51,51,52,59,67,67,64,60,60,60,60,60,54,54,1
61,56,55,55,60,61,60,51,51,52,59,67,67,64,60,60,60,60,60,54,1
63,61,56,55,55,60,61,60,51,51,52,59,67,67,64,60,60,60,60,60,1
63,63,61,56,55,55,60,61,60,51,51,52,59,67,67,64,60,60,60,60,1
62,63,63,61,56,55,55,60,61,60,51,51,52,59,67,67,64,60,60,60,1
57,62,63,63,61,56,55,55,60,61,60,51,51,52,59,67,67,64,60,60,1
51,57,62,63,63,61,56,55,55,60,61,60,51,51,52,59,67,67,64,60,1
51,51,57,62,63,63,61,56,55,55,60,61,60,51,51,52,59,67,67,64,1
51,51,51,57,62,63,63,61,56,55,55,60,61,60,51,51,52,59,67,67,1
57,51,51,51,57,62,63,63,61,56,55,55,60,61,60,51,51,52,59,67,1
60,57,51,51,51,57,62,63,63,61,56,55,55,60,61,60,51,51,52,59,1
64,60,57,51,51,51,57,62,63,63,61,56,55,55,60,61,60,51,51,52,1
65,64,60,57,51,51,51,57,62,63,63,61,56,55,55,60,61,60,51,51,1
65,65,64,60,57,51,51,51,57,62,63,63,61,56,55,55,60,61,60,51,1
67,65,65,64,60,57,51,51,51,57,62,63,63,61,56,55,55,60,61,60,1
68,67,65,65,64,60,57,51,51,51,57,62,63,63,61,56,55,55,60,61,1
66,68,67,65,65,64,60,57,51,51,51,57,62,63,63,61,56,55,55,60,1
58,66,68,67,65,65,64,60,57,51,51,51,57,62,63,63,61,56,55,55,1
53,58,66,68,67,65,65,64,60,57,51,51,51,57,62,63,63,61,56,55,1
53,53,58,66,68,67,65,65,64,60,57,51,51,51,57,62,63,63,61,56,1
56,53,53,58,66,68,67,65,65,64,60,57,51,51,51,57,62,63,63,61,1
58,56,53,53,58,66,68,67,65,65,64,60,57,51,51,51,57,62,63,63,1
62,58,56,53,53,58,66,68,67,65,65,64,60,57,51,51,51,57,62,63,1
62,62,58,56,53,53,58,66,68,67,65,65,64,60,57,51,51,51,57,62,1
56,62,62,58,56,53,53,58,66,68,67,65,65,64,60,57,51,51,51,57,1
57,56,62,62,58,56,53,53,58,66,68,67,65,65,64,60,57,51,51,51,1
67,57,56,62,62,58,56,53,53,58,66,68,67,65,65,64,60,57,51,51,1
73,67,57,56,62,62,58,56,53,53,58,66,68,67,65,65,64,60,57,51,1
80,73,67,57,56,62,62,58,56,53,53,58,66,68,67,65,65,64,60,57,1
80,80,73,67,57,56,62,62,58,56,53,53,58,66,68,67,65,65,64,60,1
84,80,80,73,67,57,56,62,62,58,56,53,53,58,66,68,67,65,65,64,1
84,84,80,80,73,67,57,56,62,62,58,56,53,53,58,66,68,67,65,65,1
87,84,84,80,80,73,67,57,56,62,62,58,56,53,53,58,66,68,67,65,1
87,87,84,84,80,80,73,67,57,56,62,62,58,56,53,53,58,66,68,67,1
88,87,87,84,84,80,80,73,67,57,56,62,62,58,56,53,53,58,66,68,1
88,88,87,87,84,84,80,80,73,67,57,56,62,62,58,56,53,53,58,66,1
93,88,88,87,87,84,84,80,80,73,67,57,56,62,62,58,56,53,53,58,1
93,93,88,88,87,87,84,84,80,80,73,67,57,56,62,62,58,56,53,53,1
93,93,93,88,88,87,87,84,84,80,80,73,67,57,56,62,62,58,56,53,1
91,93,93,93,88,88,87,87,84,84,80,80,73,67,57,56,62,62,58,56,1
90,91,93,93,93,88,88,87,87,84,84,80,80,73,67,57,56,62,62,58,1
90,90,91,93,93,93,88,88,87,87,84,84,80,80,73,67,57,56,62,62,1
89,90,90,91,93,93,93,88,88,87,87,84,84,80,80,73,67,57,56,62,1
89,89,90,90,91,93,93,93,88,88,87,87,84,84,80,80,73,67,57,56,1
89,89,89,90,90,91,93,93,93,88,88,87,87,84,84,80,80,73,67,57,1
90,89,89,89,90,90,91,93,93,93,88,88,87,87,84,84,80,80,73,67,1
90,90,89,89,89,90,90,91,93,93,93,88,88,87,87,84,84,80,80,73,1
93,90,90,89,89,89,90,90,91,93,93,93,88,88,87,87,84,84,80,80,1
95,93,90,90,89,89,89,90,90,91,93,93,93,88,88,87,87,84,84,80,1
99,95,93,90,90,89,89,89,90,90,91,93,93,93,88,88,87,87,84,84,1
100,99,95,93,90,90,89,89,89,90,90,91,93,93,93,88,88,87,87,84,1
100,100,99,95,93,90,90,89,89,89,90,90,91,93,93,93,88,88,87,87,1
100,100,100,99,95,93,90,90,89,89,89,90,90,91,93,93,93,88,88,87,1
100,100,100,100,99,95,93,90,90,89,89,89,90,90,91,93,93,93,88,88,1
99,100,100,100,100,99,95,93,90,90,89,89,89,90,90,91,93,93,93,88,1
88,99,100,100,100,100,99,95,93,90,90,89,89,89,90,90,91,93,93,93,1
78,88,99,100,100,100,100,99,95,93,90,90,89,89,89,90,90,91,93,93,1
71,78,88,99,100,100,100,100,99,95,93,90,90,89,89,89,90,90,91,93,1
67,71,78,88,99,100,100,100,100,99,95,93,90,90,89,89,89,90,90,91,1
65,67,71,78,88,99,100,100,100,100,99,95,93,90,90,89,89,89,90,90,1
65,65,67,71,78,88,99,100,100,100,100,99,95,93,90,90,89,89,89,90,1
64,65,65,67,71,78,88,99,100,100,100,100,99,95,93,90,90,89,89,89,1
57,64,65,65,67,71,78,88,99,100,100,100,100,99,95,93,90,90,89,89,1
49,57,64,65,65,67,71,78,88,99,100,100,100,100,99,95,93,90,90,89,1
49,49,57,64,65,65,67,71,78,88,99,100,100,100,100,99,95,93,90,90,1
58,49,49,57,64,65,65,67,71,78,88,99,100,100,100,100,99,95,93,90,1
65,58,49,49,57,64,65,65,67,71,78,88,99,100,100,100,100,99,95,93,1
70,65,58,49,49,57,64,65,65,67,71,78,88,99,100,100,100,100,99,95,1
72,70,65,58,49,49,57,64,65,65,67,71,78,88,99,100,100,100,100,99,1
69,72,70,65,58,49,49,57,64,65,65,67,71,78,88,99,100,100,100,100,1
66,69,72,70,65,58,49,49,57,64,65,65,67,71,78,88,99,100,100,100,1
64,66,69,72,70,65,58,49,49,57,64,65,65,67,71,78,88,99,100,100,1
61,64,66,69,72,70,65,58,49,49,57,64,65,65,67,71,78,88,99,100,1
58,61,64,66,69,72,70,65,58,49,49,57,64,65,65,67,71,78,88,99,1
56,58,61,64,66,69,72,70,65,58,49,49,57,64,65,65,67,71,78,88,1
53,56,58,61,64,66,69,72,70,65,58,49,49,57,64,65,65,67,71,78,1
51,53,56,58,61,64,66,69,72,70,65,58,49,49,57,64,65,65,67,71,1
55,51,53,56,58,61,64,66,69,72,70,65,58,49,49,57,64,65,65,67,1
57,55,51,53,56,58,61,64,66,69,72,70,65,58,49,49,57,64,65,65,1
69,57,55,51,53,56,58,61,64,66,69,72,70,65,58,49,49,57,64,65,1
70,69,57,55,51,53,56,58,61,64,66,69,72,70,65,58,49,49,57,64,1
70,70,69,57,55,51,53,56,58,61,64,66,69,72,70,65,58,49,49,57,1
68,70,70,69,57,55,51,53,56,58,61,64,66,69,72,70,65,58,49,49,1
63,68,70,70,69,57,55,51,53,56,58,61,64,66,69,72,70,65,58,49,1
61,63,68,70,70,69,57,55,51,53,56,58,61,64,66,69,72,70,65,58,1
59,61,63,68,70,70,69,57,55,51,53,56,58,61,64,66,69,72,70,65,1
58,59,61,63,68,70,70,69,57,55,51,53,56,58,61,64,66,69,72,70,1
58,58,59,61,63,68,70,70,69,57,55,51,53,56,58,61,64,66,69,72,1
58,58,58,59,61,63,68,70,70,69,57,55,51,53,56,58,61,64,66,69,1
58,58,58,58,59,61,63,68,70,70,69,57,55,51,53,56,58,61,64,66,1
57,58,58,58,58,59,61,63,68,70,70,69,57,55,51,53,56,58,61,64,1
57,57,58,58,58,58,59,61,63,68,70,70,69,57,55,51,53,56,58,61,1
57,57,57,58,58,58,58,59,61,63,68,70,70,69,57,55,51,53,56,58,1
57,57,57,57,58,58,58,58,59,61,63,68,70,70,69,57,55,51,53,56,1
57,57,57,57,57,58,58,58,58,59,61,63,68,70,70,69,57,55,51,53,1
57,57,57,57,57,57,58,58,58,58,59,61,63,68,70,70,69,57,55,51,1
57,57,57,57,57,57,57,58,58,58,58,59,61,63,68,70,70,69,57,55,1
57,57,57,57,57,57,57,57,58,58,58,58,59,61,63,68,70,70,69,57,1
57,57,57,57,57,57,57,57,57,58,58,58,58,59,61,63,68,70,70,69,1
57,57,57,57,57,57,57,57,57,57,58,58,58,58,59,61,63,68,70,70,1
57,57,57,57,57,57,57,57,57,57,57,58,58,58,58,59,61,63,68,70,1
57,57,57,57,57,57,57,57,57,57,57,57,58,58,58,58,59,61,63,68,1
59,57,57,57,57,57,57,57,57,57,57,57,57,58,58,58,58,59,61,63,0
59,59,57,57,57,57,57,57,57,57,57,57,57,57,58,58,58,58,59,61,0
61,59,59,57,57,57,57,57,57,57,57,57,57,57,57,58,58,58,58,59,0
61,61,59,59,57,57,57,57,57,57,57,57,57,57,57,57,58,58,58,58,0
61,61,61,59,59,57,57,57,57,57,57,57,57,57,57,57,57,58,58,58,1
61,61,61,61,59,59,57,57,57,57,57,57,57,57,57,57,57,57,58,58,1
61,61,61,61,61,59,59,57,57,57,57,57,57,57,57,57,57,57,57,58,1
63,61,61,61,61,61,59,59,57,57,57,57,57,57,57,57,57,57,57,57,1
63,63,61,61,61,61,61,59,59,57,57,57,57,57,57,57,57,57,57,57,1
63,63,63,61,61,61,61,61,59,59,57,57,57,57,57,57,57,57,57,57,1
60,63,63,63,61,61,61,61,61,59,59,57,57,57,57,57,57,57,57,57,1
56,60,63,63,63,61,61,61,61,61,59,59,57,57,57,57,57,57,57,57,1
56,56,60,63,63,63,61,61,61,61,61,59,59,57,57,57,57,57,57,57,1
56,56,56,60,63,63,63,61,61,61,61,61,59,59,57,57,57,57,57,57,1
56,56,56,56,60,63,63,63,61,61,61,61,61,59,59,57,57,57,57,57,1
56,56,56,56,56,60,63,63,63,61,61,61,61,61,59,59,57,57,57,57,1
56,56,56,56,56,56,60,63,63,63,61,61,61,61,61,59,59,57,57,57,1
56,56,56,56,56,56,56,60,63,63,63,61,61,61,61,61,59,59,57,57,1
56,56,56,56,56,56,56,56,60,63,63,63,61,61,61,61,61,59,59,57,1
56,56,56,56,56,56,56,56,56,60,63,63,63,61,61,61,61,61,59,59,1
56,56,56,56,56,56,56,56,56,56,60,63,63,63,61,61,61,61,61,59,1
56,56,56,56,56,56,56,56,56,56,56,60,63,63,63,61,61,61,61,61,1
55,56,56,56,56,56,56,56,56,56,56,56,60,63,63,63,61,61,61,61,1
55,55,56,56,56,56,56,56,56,56,56,56,56,60,63,63,63,61,61,61,1
54,55,55,56,56,56,56,56,56,56,56,56,56,56,60,63,63,63,61,61,1
54,54,55,55,56,56,56,56,56,56,56,56,56,56,56,60,63,63,63,61,1
53,54,54,55,55,56,56,56,56,56,56,56,56,56,56,56,60,63,63,63,1
52,53,54,54,55,55,56,56,56,56,56,56,56,56,56,56,56,60,63,63,1
52,52,53,54,54,55,55,56,56,56,56,56,56,56,56,56,56,56,60,63,0
52,52,52,53,54,54,55,55,56,56,56,56,56,56,56,56,56,56,56,60,0
52,52,52,52,53,54,54,55,55,56,56,56,56,56,56,56,56,56,56,56,0
52,52,52,52,52,53,54,54,55,55,56,56,56,56,56,56,56,56,56,56,0
54,52,52,52,52,52,53,54,54,55,55,56,56,56,56,56,56,56,56,56,0
55,54,52,52,52,52,52,53,54,54,55,55,56,56,56,56,56,56,56,56,0
58,55,54,52,52,52,52,52,53,54,54,55,55,56,56,56,56,56,56,56,0
58,58,55,54,52,52,52,52,52,53,54,54,55,55,56,56,56,56,56,56,0
60,58,58,55,54,52,52,52,52,52,53,54,54,55,55,56,56,56,56,56,0
64,60,58,58,55,54,52,52,52,52,52,53,54,54,55,55,56,56,56,56,0
67,64,60,58,58,55,54,52,52,52,52,52,53,54,54,55,55,56,56,56,1
67,67,64,60,58,58,55,54,52,52,52,52,52,53,54,54,55,55,56,56,1
63,67,67,64,60,58,58,55,54,52,52,52,52,52,53,54,54,55,55,56,1
58,63,67,67,64,60,58,58,55,54,52,52,52,52,52,53,54,54,55,55,1
57,58,63,67,67,64,60,58,58,55,54,52,52,52,52,52,53,54,54,55,1
57,57,58,63,67,67,64,60,58,58,55,54,52,52,52,52,52,53,54,54,1
57,57,57,58,63,67,67,64,60,58,58,55,54,52,52,52,52,52,53,54,1
59,57,57,57,58,63,67,67,64,60,58,58,55,54,52,52,52,52,52,53,1
62,59,57,57,57,58,63,67,67,64,60,58,58,55,54,52,52,52,52,52,1
62,62,59,57,57,57,58,63,67,67,64,60,58,58,55,54,52,52,52,52,1
62,62,62,59,57,57,57,58,63,67,67,64,60,58,58,55,54,52,52,52,1
63,62,62,62,59,57,57,57,58,63,67,67,64,60,58,58,55,54,52,52,1
68,63,62,62,62,59,57,57,57,58,63,67,67,64,60,58,58,55,54,52,1
70,68,63,62,62,62,59,57,57,57,58,63,67,67,64,60,58,58,55,54,1
70,70,68,63,62,62,62,59,57,57,57,58,63,67,67,64,60,58,58,55,1
64,70,70,68,63,62,62,62,59,57,57,57,58,63,67,67,64,60,58,58,1
60,64,70,70,68,63,62,62,62,59,57,57,57,58,63,67,67,64,60,58,1
60,60,64,70,70,68,63,62,62,62,59,57,57,57,58,63,67,67,64,60,1
63,60,60,64,70,70,68,63,62,62,62,59,57,57,57,58,63,67,67,64,1
67,63,60,60,64,70,70,68,63,62,62,62,59,57,57,57,58,63,67,67,1
67,67,63,60,60,64,70,70,68,63,62,62,62,59,57,57,57,58,63,67,1
60,67,67,63,60,60,64,70,70,68,63,62,62,62,59,57,57,57,58,63,1
59,60,67,67,63,60,60,64,70,70,68,63,62,62,62,59,57,57,57,58,1
59,59,60,67,67,63,60,60,64,70,70,68,63,62,62,62,59,57,57,57,1
57,59,59,60,67,67,63,60,60,64,70,70,68,63,62,62,62,59,57,57,1
58,57,59,59,60,67,67,63,60,60,64,70,70,68,63,62,62,62,59,57,1
58,58,57,59,59,60,67,67,63,60,60,64,70,70,68,63,62,62,62,59,1
54,58,58,57,59,59,60,67,67,63,60,60,64,70,70,68,63,62,62,62,1
53,54,58,58,57,59,59,60,67,67,63,60,60,64,70,70,68,63,62,62,1
58,53,54,58,58,57,59,59,60,67,67,63,60,60,64,70,70,68,63,62,1
61,58,53,54,58,58,57,59,59,60,67,67,63,60,60,64,70,70,68,63,1
64,61,58,53,54,58,58,57,59,59,60,67,67,63,60,60,64,70,70,68,1
63,64,61,58,53,54,58,58,57,59,59,60,67,67,63,60,60,64,70,70,1
60,63,64,61,58,53,54,58,58,57,59,59,60,67,67,63,60,60,64,70,1
63,60,63,64,61,58,53,54,58,58,57,59,59,60,67,67,63,60,60,64,1
62,63,60,63,64,61,58,53,54,58,58,57,59,59,60,67,67,63,60,60,1
59,62,63,60,63,64,61,58,53,54,58,58,57,59,59,60,67,67,63,60,1
58,59,62,63,60,63,64,61,58,53,54,58,58,57,59,59,60,67,67,63,1
58,58,59,62,63,60,63,64,61,58,53,54,58,58,57,59,59,60,67,67,1
58,58,58,59,62,63,60,63,64,61,58,53,54,58,58,57,59,59,60,67,1
53,58,58,58,59,62,63,60,63,64,61,58,53,54,58,58,57,59,59,60,1
53,53,58,58,58,59,62,63,60,63,64,61,58,53,54,58,58,57,59,59,1
54,53,53,58,58,58,59,62,63,60,63,64,61,58,53,54,58,58,57,59,1
58,54,53,53,58,58,58,59,62,63,60,63,64,61,58,53,54,58,58,57,1
58,58,54,53,53,58,58,58,59,62,63,60,63,64,61,58,53,54,58,58,1
55,58,58,54,53,53,58,58,58,59,62,63,60,63,64,61,58,53,54,58,1
52,55,58,58,54,53,53,58,58,58,59,62,63,60,63,64,61,58,53,54,1
52,52,55,58,58,54,53,53,58,58,58,59,62,63,60,63,64,61,58,53,1
52,52,52,55,58,58,54,53,53,58,58,58,59,62,63,60,63,64,61,58,1
52,52,52,52,55,58,58,54,53,53,58,58,58,59,62,63,60,63,64,61,1
52,52,52,52,52,55,58,58,54,53,53,58,58,58,59,62,63,60,63,64,1
52,52,52,52,52,52,55,58,58,54,53,53,58,58,58,59,62,63,60,63,1
52,52,52,52,52,52,52,55,58,58,54,53,53,58,58,58,59,62,63,60,1
52,52,52,52,52,52,52,52,55,58,58,54,53,53,58,58,58,59,62,63,0
52,52,52,52,52,52,52,52,52,55,58,58,54,53,53,58,58,58,59,62,0
52,52,52,52,52,52,52,52,52,52,55,58,58,54,53,53,58,58,58,59,0
52,52,52,52,52,52,52,52,52,52,52,55,58,58,54,53,53,58,58,58,0
52,52,52,52,52,52,52,52,52,52,52,52,55,58,58,54,53,53,58,58,0
52,52,52,52,52,52,52,52,52,52,52,52,52,55,58,58,54,53,53,58,0
52,52,52,52,52,52,52,52,52,52,52,52,52,52,55,58,58,54,53,53,0
52,52,52,52,52,52,52,52,52,52,52,52,52,52,52,55,58,58,54,53,0
52,52,52,52,52,52,52,52,52,52,52,52,52,52,52,52,55,58,58,54,0
52,52,52,52,52,52,52,52,52,52,52,52,52,52,52,52,52,55,58,58,0
52,52,52,52,52,52,52,52,52,52,52,52,52,52,52,52,52,52,55,58,0
52,52,52,52,52,52,52,52,52,52,52,52,52,52,52,52,52,52,52,55,0
52,52,52,52,52,52,52,52,52,52,52,52,52,52,52,52,52,52,52,52,0
52,52,52,52,52,52,52,52,52,52,52,52,52,52,52,52,52,52,52,52,0
52,52,52,52,52,52,52,52,52,52,52,52,52,52,52,52,52,52,52,52,0
55,52,52,52,52,52,52,52,52,52,52,52,52,52,52,52,52,52,52,52,0
57,55,52,52,52,52,52,52,52,52,52,52,52,52,52,52,52,52,52,52,0
62,57,55,52,52,52,52,52,52,52,52,52,52,52,52,52,52,52,52,52,0
64,62,57,55,52,52,52,52,52,52,52,52,52,52,52,52,52,52,52,52,0
64,64,62,57,55,52,52,52,52,52,52,52,52,52,52,52,52,52,52,52,1
64,64,64,62,57,55,52,52,52,52,52,52,52,52,52,52,52,52,52,52,1
63,64,64,64,62,57,55,52,52,52,52,52,52,52,52,52,52,52,52,52,1
58,63,64,64,64,62,57,55,52,52,52,52,52,52,52,52,52,52,52,52,1
52,58,63,64,64,64,62,57,55,52,52,52,52,52,52,52,52,52,52,52,1
52,52,58,63,64,64,64,62,57,55,52,52,52,52,52,52,52,52,52,52,1
52,52,52,58,63,64,64,64,62,57,55,52,52,52,52,52,52,52,52,52,1
52,52,52,52,58,63,64,64,64,62,57,55,52,52,52,52,52,52,52,52,1
52,52,52,52,52,58,63,64,64,64,62,57,55,52,52,52,52,52,52,52,1
61,52,52,52,52,52,58,63,64,64,64,62,57,55,52,52,52,52,52,52,1
63,61,52,52,52,52,52,58,63,64,64,64,62,57,55,52,52,52,52,52,1
64,63,61,52,52,52,52,52,58,63,64,64,64,62,57,55,52,52,52,52,1
64,64,63,61,52,52,52,52,52,58,63,64,64,64,62,57,55,52,52,52,1
64,64,64,63,61,52,52,52,52,52,58,63,64,64,64,62,57,55,52,52,1
64,64,64,64,63,61,52,52,52,52,52,58,63,64,64,64,62,57,55,52,1
60,64,64,64,64,63,61,52,52,52,52,52,58,63,64,64,64,62,57,55,1
54,60,64,64,64,64,63,61,52,52,52,52,52,58,63,64,64,64,62,57,1
52,54,60,64,64,64,64,63,61,52,52,52,52,52,58,63,64,64,64,62,1
50,52,54,60,64,64,64,64,63,61,52,52,52,52,52,58,63,64,64,64,1
50,50,52,54,60,64,64,64,64,63,61,52,52,52,52,52,58,63,64,64,1
47,50,50,52,54,60,64,64,64,64,63,61,52,52,52,52,52,58,63,64,1
43,47,50,50,52,54,60,64,64,64,64,63,61,52,52,52,52,52,58,63,1
42,43,47,50,50,52,54,60,64,64,64,64,63,61,52,52,52,52,52,58,1
38,42,43,47,50,50,52,54,60,64,64,64,64,63,61,52,52,52,52,52,1
37,38,42,43,47,50,50,52,54,60,64,64,64,64,63,61,52,52,52,52,1
35,37,38,42,43,47,50,50,52,54,60,64,64,64,64,63,61,52,52,52,1
33,35,37,38,42,43,47,50,50,52,54,60,64,64,64,64,63,61,52,52,1
32,33,35,37,38,42,43,47,50,50,52,54,60,64,64,64,64,63,61,52,1
30,32,33,35,37,38,42,43,47,50,50,52,54,60,64,64,64,64,63,61,1
31,30,32,33,35,37,38,42,43,47,50,50,52,54,60,64,64,64,64,63,1
32,31,30,32,33,35,37,38,42,43,47,50,50,52,54,60,64,64,64,64,1
37,32,31,30,32,33,35,37,38,42,43,47,50,50,52,54,60,64,64,64,1
40,37,32,31,30,32,33,35,37,38,42,43,47,50,50,52,54,60,64,64,1
42,40,37,32,31,30,32,33,35,37,38,42,43,47,50,50,52,54,60,64,0
44,42,40,37,32,31,30,32,33,35,37,38,42,43,47,50,50,52,54,60,0
46,44,42,40,37,32,31,30,32,33,35,37,38,42,43,47,50,50,52,54,0
46,46,44,42,40,37,32,31,30,32,33,35,37,38,42,43,47,50,50,52,0
46,46,46,44,42,40,37,32,31,30,32,33,35,37,38,42,43,47,50,50,0
43,46,46,46,44,42,40,37,32,31,30,32,33,35,37,38,42,43,47,50,0
42,43,46,46,46,44,42,40,37,32,31,30,32,33,35,37,38,42,43,47,0
40,42,43,46,46,46,44,42,40,37,32,31,30,32,33,35,37,38,42,43,0
40,40,42,43,46,46,46,44,42,40,37,32,31,30,32,33,35,37,38,42,0
38,40,40,42,43,46,46,46,44,42,40,37,32,31,30,32,33,35,37,38,0
38,38,40,40,42,43,46,46,46,44,42,40,37,32,31,30,32,33,35,37,0
36,38,38,40,40,42,43,46,46,46,44,42,40,37,32,31,30,32,33,35,0
35,36,38,38,40,40,42,43,46,46,46,44,42,40,37,32,31,30,32,33,0
33,35,36,38,38,40,40,42,43,46,46,46,44,42,40,37,32,31,30,32,0
32,33,35,36,38,38,40,40,42,43,46,46,46,44,42,40,37,32,31,30,0
28,32,33,35,36,38,38,40,40,42,43,46,46,46,44,42,40,37,32,31,0
28,28,32,33,35,36,38,38,40,40,42,43,46,46,46,44,42,40,37,32,0
27,28,28,32,33,35,36,38,38,40,40,42,43,46,46,46,44,42,40,37,0
26,27,28,28,32,33,35,36,38,38,40,40,42,43,46,46,46,44,42,40,0
26,26,27,28,28,32,33,35,36,38,38,40,40,42,43,46,46,46,44,42,0
32,26,26,27,28,28,32,33,35,36,38,38,40,40,42,43,46,46,46,44,0
33,32,26,26,27,28,28,32,33,35,36,38,38,40,40,42,43,46,46,46,0
38,33,32,26,26,27,28,28,32,33,35,36,38,38,40,40,42,43,46,46,0
40,38,33,32,26,26,27,28,28,32,33,35,36,38,38,40,40,42,43,46,0
42,40,38,33,32,26,26,27,28,28,32,33,35,36,38,38,40,40,42,43,0
43,42,40,38,33,32,26,26,27,28,28,32,33,35,36,38,38,40,40,42,0
43,43,42,40,38,33,32,26,26,27,28,28,32,33,35,36,38,38,40,40,0
45,43,43,42,40,38,33,32,26,26,27,28,28,32,33,35,36,38,38,40,0
45,45,43,43,42,40,38,33,32,26,26,27,28,28,32,33,35,36,38,38,0
43,45,45,43,43,42,40,38,33,32,26,26,27,28,28,32,33,35,36,38,0
37,43,45,45,43,43,42,40,38,33,32,26,26,27,28,28,32,33,35,36,0
36,37,43,45,45,43,43,42,40,38,33,32,26,26,27,28,28,32,33,35,0
33,36,37,43,45,45,43,43,42,40,38,33,32,26,26,27,28,28,32,33,0
33,33,36,37,43,45,45,43,43,42,40,38,33,32,26,26,27,28,28,32,0
33,33,33,36,37,43,45,45,43,43,42,40,38,33,32,26,26,27,28,28,0
39,33,33,33,36,37,43,45,45,43,43,42,40,38,33,32,26,26,27,28,0
42,39,33,33,33,36,37,43,45,45,43,43,42,40,38,33,32,26,26,27,0
46,42,39,33,33,33,36,37,43,45,45,43,43,42,40,38,33,32,26,26,0
49,46,42,39,33,33,33,36,37,43,45,45,43,43,42,40,38,33,32,26,0
52,49,46,42,39,33,33,33,36,37,43,45,45,43,43,42,40,38,33,32,0
52,52,49,46,42,39,33,33,33,36,37,43,45,45,43,43,42,40,38,33,0
53,52,52,49,46,42,39,33,33,33,36,37,43,45,45,43,43,42,40,38,0
54,53,52,52,49,46,42,39,33,33,33,36,37,43,45,45,43,43,42,40,0
54,54,53,52,52,49,46,42,39,33,33,33,36,37,43,45,45,43,43,42,0
54,54,54,53,52,52,49,46,42,39,33,33,33,36,37,43,45,45,43,43,0
55,54,54,54,53,52,52,49,46,42,39,33,33,33,36,37,43,45,45,43,0
56,55,54,54,54,53,52,52,49,46,42,39,33,33,33,36,37,43,45,45,0
56,56,55,54,54,54,53,52,52,49,46,42,39,33,33,33,36,37,43,45,0
56,56,56,55,54,54,54,53,52,52,49,46,42,39,33,33,33,36,37,43,0
56,56,56,56,55,54,54,54,53,52,52,49,46,42,39,33,33,33,36,37,0
56,56,56,56,56,55,54,54,54,53,52,52,49,46,42,39,33,33,33,36,0
56,56,56,56,56,56,55,54,54,54,53,52,52,49,46,42,39,33,33,33,0
57,56,56,56,56,56,56,55,54,54,54,53,52,52,49,46,42,39,33,33,0
57,57,56,56,56,56,56,56,55,54,54,54,53,52,52,49,46,42,39,33,0
58,57,57,56,56,56,56,56,56,55,54,54,54,53,52,52,49,46,42,39,0
58,58,57,57,56,56,56,56,56,56,55,54,54,54,53,52,52,49,46,42,0
58,58,58,57,57,56,56,56,56,56,56,55,54,54,54,53,52,52,49,46,0
58,58,58,58,57,57,56,56,56,56,56,56,55,54,54,54,53,52,52,49,0
58,58,58,58,58,57,57,56,56,56,56,56,56,55,54,54,54,53,52,52,0
58,58,58,58,58,58,57,57,56,56,56,56,56,56,55,54,54,54,53,52,0
58,58,58,58,58,58,58,57,57,56,56,56,56,56,56,55,54,54,54,53,0
58,58,58,58,58,58,58,58,57,57,56,56,56,56,56,56,55,54,54,54,0
58,58,58,58,58,58,58,58,58,57,57,56,56,56,56,56,56,55,54,54,0
59,58,58,58,58,58,58,58,58,58,57,57,56,56,56,56,56,56,55,54,0
61,59,58,58,58,58,58,58,58,58,58,57,57,56,56,56,56,56,56,55,0
64,61,59,58,58,58,58,58,58,58,58,58,57,57,56,56,56,56,56,56,0
64,64,61,59,58,58,58,58,58,58,58,58,58,57,57,56,56,56,56,56,1
60,64,64,61,59,58,58,58,58,58,58,58,58,58,57,57,56,56,56,56,1
52,60,64,64,61,59,58,58,58,58,58,58,58,58,58,57,57,56,56,56,1
52,52,60,64,64,61,59,58,58,58,58,58,58,58,58,58,57,57,56,56,1
52,52,52,60,64,64,61,59,58,58,58,58,58,58,58,58,58,57,57,56,1
52,52,52,52,60,64,64,61,59,58,58,58,58,58,58,58,58,58,57,57,1
52,52,52,52,52,60,64,64,61,59,58,58,58,58,58,58,58,58,58,57,1
52,52,52,52,52,52,60,64,64,61,59,58,58,58,58,58,58,58,58,58,1
52,52,52,52,52,52,52,60,64,64,61,59,58,58,58,58,58,58,58,58,1
52,52,52,52,52,52,52,52,60,64,64,61,59,58,58,58,58,58,58,58,1
52,52,52,52,52,52,52,52,52,60,64,64,61,59,58,58,58,58,58,58,1
51,52,52,52,52,52,52,52,52,52,60,64,64,61,59,58,58,58,58,58,1
45,51,52,52,52,52,52,52,52,52,52,60,64,64,61,59,58,58,58,58,1
42,45,51,52,52,52,52,52,52,52,52,52,60,64,64,61,59,58,58,58,1
40,42,45,51,52,52,52,52,52,52,52,52,52,60,64,64,61,59,58,58,1
40,40,42,45,51,52,52,52,52,52,52,52,52,52,60,64,64,61,59,58,1
40,40,40,42,45,51,52,52,52,52,52,52,52,52,52,60,64,64,61,59,1
40,40,40,40,42,45,51,52,52,52,52,52,52,52,52,52,60,64,64,61,1
42,40,40,40,40,42,45,51,52,52,52,52,52,52,52,52,52,60,64,64,1
51,42,40,40,40,40,42,45,51,52,52,52,52,52,52,52,52,52,60,64,0
51,51,42,40,40,40,40,42,45,51,52,52,52,52,52,52,52,52,52,60,0
48,51,51,42,40,40,40,40,42,45,51,52,52,52,52,52,52,52,52,52,0
46,48,51,51,42,40,40,40,40,42,45,51,52,52,52,52,52,52,52,52,0
45,46,48,51,51,42,40,40,40,40,42,45,51,52,52,52,52,52,52,52,0
48,45,46,48,51,51,42,40,40,40,40,42,45,51,52,52,52,52,52,52,0
48,48,45,46,48,51,51,42,40,40,40,40,42,45,51,52,52,52,52,52,0
48,48,48,45,46,48,51,51,42,40,40,40,40,42,45,51,52,52,52,52,0
46,48,48,48,45,46,48,51,51,42,40,40,40,40,42,45,51,52,52,52,0
46,46,48,48,48,45,46,48,51,51,42,40,40,40,40,42,45,51,52,52,0
52,46,46,48,48,48,45,46,48,51,51,42,40,40,40,40,42,45,51,52,0
54,52,46,46,48,48,48,45,46,48,51,51,42,40,40,40,40,42,45,51,0
54,54,52,46,46,48,48,48,45,46,48,51,51,42,40,40,40,40,42,45,0
54,54,54,52,46,46,48,48,48,45,46,48,51,51,42,40,40,40,40,42,0
54,54,54,54,52,46,46,48,48,48,45,46,48,51,51,42,40,40,40,40,0
54,54,54,54,54,52,46,46,48,48,48,45,46,48,51,51,42,40,40,40,0
54,54,54,54,54,54,52,46,46,48,48,48,45,46,48,51,51,42,40,40,0
57,54,54,54,54,54,54,52,46,46,48,48,48,45,46,48,51,51,42,40,0
61,57,54,54,54,54,54,54,52,46,46,48,48,48,45,46,48,51,51,42,0
66,61,57,54,54,54,54,54,54,52,46,46,48,48,48,45,46,48,51,51,0
66,66,61,57,54,54,54,54,54,54,52,46,46,48,48,48,45,46,48,51,1
66,66,66,61,57,54,54,54,54,54,54,52,46,46,48,48,48,45,46,48,1
66,66,66,66,61,57,54,54,54,54,54,54,52,46,46,48,48,48,45,46,1
66,66,66,66,66,61,57,54,54,54,54,54,54,52,46,46,48,48,48,45,1
66,66,66,66,66,66,61,57,54,54,54,54,54,54,52,46,46,48,48,48,1
66,66,66,66,66,66,66,61,57,54,54,54,54,54,54,52,46,46,48,48,1
65,66,66,66,66,66,66,66,61,57,54,54,54,54,54,54,52,46,46,48,1
63,65,66,66,66,66,66,66,66,61,57,54,54,54,54,54,54,52,46,46,1
60,63,65,66,66,66,66,66,66,66,61,57,54,54,54,54,54,54,52,46,1
57,60,63,65,66,66,66,66,66,66,66,61,57,54,54,54,54,54,54,52,1
56,57,60,63,65,66,66,66,66,66,66,66,61,57,54,54,54,54,54,54,1
49,56,57,60,63,65,66,66,66,66,66,66,66,61,57,54,54,54,54,54,1
42,49,56,57,60,63,65,66,66,66,66,66,66,66,61,57,54,54,54,54,1
42,42,49,56,57,60,63,65,66,66,66,66,66,66,66,61,57,54,54,54,1
46,42,42,49,56,57,60,63,65,66,66,66,66,66,66,66,61,57,54,54,1
47,46,42,42,49,56,57,60,63,65,66,66,66,66,66,66,66,61,57,54,1
45,47,46,42,42,49,56,57,60,63,65,66,66,66,66,66,66,66,61,57,1
43,45,47,46,42,42,49,56,57,60,63,65,66,66,66,66,66,66,66,61,1
43,43,45,47,46,42,42,49,56,57,60,63,65,66,66,66,66,66,66,66,1
43,43,43,45,47,46,42,42,49,56,57,60,63,65,66,66,66,66,66,66,1
43,43,43,43,45,47,46,42,42,49,56,57,60,63,65,66,66,66,66,66,1
43,43,43,43,43,45,47,46,42,42,49,56,57,60,63,65,66,66,66,66,1
42,43,43,43,43,43,45,47,46,42,42,49,56,57,60,63,65,66,66,66,1
45,42,43,43,43,43,43,45,47,46,42,42,49,56,57,60,63,65,66,66,1
48,45,42,43,43,43,43,43,45,47,46,42,42,49,56,57,60,63,65,66,1
48,48,45,42,43,43,43,43,43,45,47,46,42,42,49,56,57,60,63,65,1
52,48,48,45,42,43,43,43,43,43,45,47,46,42,42,49,56,57,60,63,0
54,52,48,48,45,42,43,43,43,43,43,45,47,46,42,42,49,56,57,60,0
54,54,52,48,48,45,42,43,43,43,43,43,45,47,46,42,42,49,56,57,0
54,54,54,52,48,48,45,42,43,43,43,43,43,45,47,46,42,42,49,56,0
54,54,54,54,52,48,48,45,42,43,43,43,43,43,45,47,46,42,42,49,0
55,54,54,54,54,52,48,48,45,42,43,43,43,43,43,45,47,46,42,42,0
59,55,54,54,54,54,52,48,48,45,42,43,43,43,43,43,45,47,46,42,0
59,59,55,54,54,54,54,52,48,48,45,42,43,43,43,43,43,45,47,46,0
65,59,59,55,54,54,54,54,52,48,48,45,42,43,43,43,43,43,45,47,0
65,65,59,59,55,54,54,54,54,52,48,48,45,42,43,43,43,43,43,45,0
65,65,65,59,59,55,54,54,54,54,52,48,48,45,42,43,43,43,43,43,1
63,65,65,65,59,59,55,54,54,54,54,52,48,48,45,42,43,43,43,43,1
58,63,65,65,65,59,59,55,54,54,54,54,52,48,48,45,42,43,43,43,1
57,58,63,65,65,65,59,59,55,54,54,54,54,52,48,48,45,42,43,43,1
54,57,58,63,65,65,65,59,59,55,54,54,54,54,52,48,48,45,42,43,1
52,54,57,58,63,65,65,65,59,59,55,54,54,54,54,52,48,48,45,42,1
52,52,54,57,58,63,65,65,65,59,59,55,54,54,54,54,52,48,48,45,1
52,52,52,54,57,58,63,65,65,65,59,59,55,54,54,54,54,52,48,48,1
52,52,52,52,54,57,58,63,65,65,65,59,59,55,54,54,54,54,52,48,1
52,52,52,52,52,54,57,58,63,65,65,65,59,59,55,54,54,54,54,52,1
52,52,52,52,52,52,54,57,58,63,65,65,65,59,59,55,54,54,54,54,1
52,52,52,52,52,52,52,54,57,58,63,65,65,65,59,59,55,54,54,54,1
52,52,52,52,52,52,52,52,54,57,58,63,65,65,65,59,59,55,54,54,1
52,52,52,52,52,52,52,52,52,54,57,58,63,65,65,65,59,59,55,54,1
52,52,52,52,52,52,52,52,52,52,54,57,58,63,65,65,65,59,59,55,1
52,52,52,52,52,52,52,52,52,52,52,54,57,58,63,65,65,65,59,59,1
52,52,52,52,52,52,52,52,52,52,52,52,54,57,58,63,65,65,65,59,1
52,52,52,52,52,52,52,52,52,52,52,52,52,54,57,58,63,65,65,65,1
52,52,52,52,52,52,52,52,52,52,52,52,52,52,54,57,58,63,65,65,1
52,52,52,52,52,52,52,52,52,52,52,52,52,52,52,54,57,58,63,65,0
52,52,52,52,52,52,52,52,52,52,52,52,52,52,52,52,54,57,58,63,0
52,52,52,52,52,52,52,52,52,52,52,52,52,52,52,52,52,54,57,58,0
52,52,52,52,52,52,52,52,52,52,52,52,52,52,52,52,52,52,54,57,0
52,52,52,52,52,52,52,52,52,52,52,52,52,52,52,52,52,52,52,54,0
52,52,52,52,52,52,52,52,52,52,52,52,52,52,52,52,52,52,52,52,0
52,52,52,52,52,52,52,52,52,52,52,52,52,52,52,52,52,52,52,52,0
52,52,52,52,52,52,52,52,52,52,52,52,52,52,52,52,52,52,52,52,0
52,52,52,52,52,52,52,52,52,52,52,52,52,52,52,52,52,52,52,52,0
0,0,0,0,0,0,0,0,0,0,0,0,0,0,0,0,0,0,0,0,0
0,0,0,0,0,0,0,0,0,0,0,0,0,0,0,0,0,0,0,0,0
0,0,0,0,0,0,0,0,0,0,0,0,0,0,0,0,0,0,0,0,0
0,0,0,0,0,0,0,0,0,0,0,0,0,0,0,0,0,0,0,0,0
0,0,0,0,0,0,0,0,0,0,0,0,0,0,0,0,0,0,0,0,0
0,0,0,0,0,0,0,0,0,0,0,0,0,0,0,0,0,0,0,0,0
0,0,0,0,0,0,0,0,0,0,0,0,0,0,0,0,0,0,0,0,0
0,0,0,0,0,0,0,0,0,0,0,0,0,0,0,0,0,0,0,0,0
0,0,0,0,0,0,0,0,0,0,0,0,0,0,0,0,0,0,0,0,0
0,0,0,0,0,0,0,0,0,0,0,0,0,0,0,0,0,0,0,0,0
0,0,0,0,0,0,0,0,0,0,0,0,0,0,0,0,0,0,0,0,0
0,0,0,0,0,0,0,0,0,0,0,0,0,0,0,0,0,0,0,0,0
0,0,0,0,0,0,0,0,0,0,0,0,0,0,0,0,0,0,0,0,0
0,0,0,0,0,0,0,0,0,0,0,0,0,0,0,0,0,0,0,0,0
0,0,0,0,0,0,0,0,0,0,0,0,0,0,0,0,0,0,0,0,0
0,0,0,0,0,0,0,0,0,0,0,0,0,0,0,0,0,0,0,0,0
0,0,0,0,0,0,0,0,0,0,0,0,0,0,0,0,0,0,0,0,0
0,0,0,0,0,0,0,0,0,0,0,0,0,0,0,0,0,0,0,0,0
1,0,0,0,0,0,0,0,0,0,0,0,0,0,0,0,0,0,0,0,0
11,1,0,0,0,0,0,0,0,0,0,0,0,0,0,0,0,0,0,0,0
21,11,1,0,0,0,0,0,0,0,0,0,0,0,0,0,0,0,0,0,0
27,21,11,1,0,0,0,0,0,0,0,0,0,0,0,0,0,0,0,0,0
30,27,21,11,1,0,0,0,0,0,0,0,0,0,0,0,0,0,0,0,0
33,30,27,21,11,1,0,0,0,0,0,0,0,0,0,0,0,0,0,0,0
38,33,30,27,21,11,1,0,0,0,0,0,0,0,0,0,0,0,0,0,0
39,38,33,30,27,21,11,1,0,0,0,0,0,0,0,0,0,0,0,0,0
43,39,38,33,30,27,21,11,1,0,0,0,0,0,0,0,0,0,0,0,0
43,43,39,38,33,30,27,21,11,1,0,0,0,0,0,0,0,0,0,0,0
43,43,43,39,38,33,30,27,21,11,1,0,0,0,0,0,0,0,0,0,0
48,43,43,43,39,38,33,30,27,21,11,1,0,0,0,0,0,0,0,0,0
48,48,43,43,43,39,38,33,30,27,21,11,1,0,0,0,0,0,0,0,0
49,48,48,43,43,43,39,38,33,30,27,21,11,1,0,0,0,0,0,0,0
49,49,48,48,43,43,43,39,38,33,30,27,21,11,1,0,0,0,0,0,0
49,49,49,48,48,43,43,43,39,38,33,30,27,21,11,1,0,0,0,0,0
49,49,49,49,48,48,43,43,43,39,38,33,30,27,21,11,1,0,0,0,0
49,49,49,49,49,48,48,43,43,43,39,38,33,30,27,21,11,1,0,0,0
49,49,49,49,49,49,48,48,43,43,43,39,38,33,30,27,21,11,1,0,0
49,49,49,49,49,49,49,48,48,43,43,43,39,38,33,30,27,21,11,1,0
49,49,49,49,49,49,49,49,48,48,43,43,43,39,38,33,30,27,21,11,0
49,49,49,49,49,49,49,49,49,48,48,43,43,43,39,38,33,30,27,21,0
48,49,49,49,49,49,49,49,49,49,48,48,43,43,43,39,38,33,30,27,0
48,48,49,49,49,49,49,49,49,49,49,48,48,43,43,43,39,38,33,30,0
46,48,48,49,49,49,49,49,49,49,49,49,48,48,43,43,43,39,38,33,0
45,46,48,48,49,49,49,49,49,49,49,49,49,48,48,43,43,43,39,38,0
43,45,46,48,48,49,49,49,49,49,49,49,49,49,48,48,43,43,43,39,0
40,43,45,46,48,48,49,49,49,49,49,49,49,49,49,48,48,43,43,43,0
40,40,43,45,46,48,48,49,49,49,49,49,49,49,49,49,48,48,43,43,0
38,40,40,43,45,46,48,48,49,49,49,49,49,49,49,49,49,48,48,43,0
37,38,40,40,43,45,46,48,48,49,49,49,49,49,49,49,49,49,48,48,0
35,37,38,40,40,43,45,46,48,48,49,49,49,49,49,49,49,49,49,48,0
34,35,37,38,40,40,43,45,46,48,48,49,49,49,49,49,49,49,49,49,0
33,34,35,37,38,40,40,43,45,46,48,48,49,49,49,49,49,49,49,49,0
32,33,34,35,37,38,40,40,43,45,46,48,48,49,49,49,49,49,49,49,0
32,32,33,34,35,37,38,40,40,43,45,46,48,48,49,49,49,49,49,49,0
32,32,32,33,34,35,37,38,40,40,43,45,46,48,48,49,49,49,49,49,0
35,32,32,32,33,34,35,37,38,40,40,43,45,46,48,48,49,49,49,49,0
37,35,32,32,32,33,34,35,37,38,40,40,43,45,46,48,48,49,49,49,0
41,37,35,32,32,32,33,34,35,37,38,40,40,43,45,46,48,48,49,49,0
41,41,37,35,32,32,32,33,34,35,37,38,40,40,43,45,46,48,48,49,0
42,41,41,37,35,32,32,32,33,34,35,37,38,40,40,43,45,46,48,48,0
42,42,41,41,37,35,32,32,32,33,34,35,37,38,40,40,43,45,46,48,0
46,42,42,41,41,37,35,32,32,32,33,34,35,37,38,40,40,43,45,46,0
46,46,42,42,41,41,37,35,32,32,32,33,34,35,37,38,40,40,43,45,0
49,46,46,42,42,41,41,37,35,32,32,32,33,34,35,37,38,40,40,43,0
49,49,46,46,42,42,41,41,37,35,32,32,32,33,34,35,37,38,40,40,0
51,49,49,46,46,42,42,41,41,37,35,32,32,32,33,34,35,37,38,40,0
51,51,49,49,46,46,42,42,41,41,37,35,32,32,32,33,34,35,37,38,0
54,51,51,49,49,46,46,42,42,41,41,37,35,32,32,32,33,34,35,37,0
55,54,51,51,49,49,46,46,42,42,41,41,37,35,32,32,32,33,34,35,0
55,55,54,51,51,49,49,46,46,42,42,41,41,37,35,32,32,32,33,34,0
55,55,55,54,51,51,49,49,46,46,42,42,41,41,37,35,32,32,32,33,0
55,55,55,55,54,51,51,49,49,46,46,42,42,41,41,37,35,32,32,32,0
55,55,55,55,55,54,51,51,49,49,46,46,42,42,41,41,37,35,32,32,0
55,55,55,55,55,55,54,51,51,49,49,46,46,42,42,41,41,37,35,32,0
55,55,55,55,55,55,55,54,51,51,49,49,46,46,42,42,41,41,37,35,0
55,55,55,55,55,55,55,55,54,51,51,49,49,46,46,42,42,41,41,37,0
55,55,55,55,55,55,55,55,55,54,51,51,49,49,46,46,42,42,41,41,0
55,55,55,55,55,55,55,55,55,55,54,51,51,49,49,46,46,42,42,41,0
55,55,55,55,55,55,55,55,55,55,55,54,51,51,49,49,46,46,42,42,0
58,55,55,55,55,55,55,55,55,55,55,55,54,51,51,49,49,46,46,42,0
58,58,55,55,55,55,55,55,55,55,55,55,55,54,51,51,49,49,46,46,0
58,58,58,55,55,55,55,55,55,55,55,55,55,55,54,51,51,49,49,46,0
58,58,58,58,55,55,55,55,55,55,55,55,55,55,55,54,51,51,49,49,0
58,58,58,58,58,55,55,55,55,55,55,55,55,55,55,55,54,51,51,49,0
58,58,58,58,58,58,55,55,55,55,55,55,55,55,55,55,55,54,51,51,0
58,58,58,58,58,58,58,55,55,55,55,55,55,55,55,55,55,55,54,51,0
58,58,58,58,58,58,58,58,55,55,55,55,55,55,55,55,55,55,55,54,0
58,58,58,58,58,58,58,58,58,55,55,55,55,55,55,55,55,55,55,55,0
58,58,58,58,58,58,58,58,58,58,55,55,55,55,55,55,55,55,55,55,0
58,58,58,58,58,58,58,58,58,58,58,55,55,55,55,55,55,55,55,55,0
58,58,58,58,58,58,58,58,58,58,58,58,55,55,55,55,55,55,55,55,0
58,58,58,58,58,58,58,58,58,58,58,58,58,55,55,55,55,55,55,55,0
58,58,58,58,58,58,58,58,58,58,58,58,58,58,55,55,55,55,55,55,0
58,58,58,58,58,58,58,58,58,58,58,58,58,58,58,55,55,55,55,55,0
58,58,58,58,58,58,58,58,58,58,58,58,58,58,58,58,55,55,55,55,0
58,58,58,58,58,58,58,58,58,58,58,58,58,58,58,58,58,55,55,55,0
58,58,58,58,58,58,58,58,58,58,58,58,58,58,58,58,58,58,55,55,0
58,58,58,58,58,58,58,58,58,58,58,58,58,58,58,58,58,58,58,55,0
58,58,58,58,58,58,58,58,58,58,58,58,58,58,58,58,58,58,58,58,0
58,58,58,58,58,58,58,58,58,58,58,58,58,58,58,58,58,58,58,58,0
58,58,58,58,58,58,58,58,58,58,58,58,58,58,58,58,58,58,58,58,0
58,58,58,58,58,58,58,58,58,58,58,58,58,58,58,58,58,58,58,58,0
58,58,58,58,58,58,58,58,58,58,58,58,58,58,58,58,58,58,58,58,0
58,58,58,58,58,58,58,58,58,58,58,58,58,58,58,58,58,58,58,58,0
58,58,58,58,58,58,58,58,58,58,58,58,58,58,58,58,58,58,58,58,0
58,58,58,58,58,58,58,58,58,58,58,58,58,58,58,58,58,58,58,58,0
58,58,58,58,58,58,58,58,58,58,58,58,58,58,58,58,58,58,58,58,0
58,58,58,58,58,58,58,58,58,58,58,58,58,58,58,58,58,58,58,58,0
58,58,58,58,58,58,58,58,58,58,58,58,58,58,58,58,58,58,58,58,0
58,58,58,58,58,58,58,58,58,58,58,58,58,58,58,58,58,58,58,58,0
58,58,58,58,58,58,58,58,58,58,58,58,58,58,58,58,58,58,58,58,0
58,58,58,58,58,58,58,58,58,58,58,58,58,58,58,58,58,58,58,58,0
58,58,58,58,58,58,58,58,58,58,58,58,58,58,58,58,58,58,58,58,0
59,58,58,58,58,58,58,58,58,58,58,58,58,58,58,58,58,58,58,58,0
59,59,58,58,58,58,58,58,58,58,58,58,58,58,58,58,58,58,58,58,0
59,59,59,58,58,58,58,58,58,58,58,58,58,58,58,58,58,58,58,58,0
59,59,59,59,58,58,58,58,58,58,58,58,58,58,58,58,58,58,58,58,0
59,59,59,59,59,58,58,58,58,58,58,58,58,58,58,58,58,58,58,58,0
59,59,59,59,59,59,58,58,58,58,58,58,58,58,58,58,58,58,58,58,0
59,59,59,59,59,59,59,58,58,58,58,58,58,58,58,58,58,58,58,58,0
59,59,59,59,59,59,59,59,58,58,58,58,58,58,58,58,58,58,58,58,0
59,59,59,59,59,59,59,59,59,58,58,58,58,58,58,58,58,58,58,58,0
59,59,59,59,59,59,59,59,59,59,58,58,58,58,58,58,58,58,58,58,0
59,59,59,59,59,59,59,59,59,59,59,58,58,58,58,58,58,58,58,58,0
59,59,59,59,59,59,59,59,59,59,59,59,58,58,58,58,58,58,58,58,0
59,59,59,59,59,59,59,59,59,59,59,59,59,58,58,58,58,58,58,58,0
59,59,59,59,59,59,59,59,59,59,59,59,59,59,58,58,58,58,58,58,0
59,59,59,59,59,59,59,59,59,59,59,59,59,59,59,58,58,58,58,58,0
59,59,59,59,59,59,59,59,59,59,59,59,59,59,59,59,58,58,58,58,0
59,59,59,59,59,59,59,59,59,59,59,59,59,59,59,59,59,58,58,58,0
59,59,59,59,59,59,59,59,59,59,59,59,59,59,59,59,59,59,58,58,0
59,59,59,59,59,59,59,59,59,59,59,59,59,59,59,59,59,59,59,58,0
59,59,59,59,59,59,59,59,59,59,59,59,59,59,59,59,59,59,59,59,0
59,59,59,59,59,59,59,59,59,59,59,59,59,59,59,59,59,59,59,59,0
59,59,59,59,59,59,59,59,59,59,59,59,59,59,59,59,59,59,59,59,0
59,59,59,59,59,59,59,59,59,59,59,59,59,59,59,59,59,59,59,59,0
59,59,59,59,59,59,59,59,59,59,59,59,59,59,59,59,59,59,59,59,0
59,59,59,59,59,59,59,59,59,59,59,59,59,59,59,59,59,59,59,59,0
59,59,59,59,59,59,59,59,59,59,59,59,59,59,59,59,59,59,59,59,0
59,59,59,59,59,59,59,59,59,59,59,59,59,59,59,59,59,59,59,59,0
59,59,59,59,59,59,59,59,59,59,59,59,59,59,59,59,59,59,59,59,0
59,59,59,59,59,59,59,59,59,59,59,59,59,59,59,59,59,59,59,59,0
59,59,59,59,59,59,59,59,59,59,59,59,59,59,59,59,59,59,59,59,0
59,59,59,59,59,59,59,59,59,59,59,59,59,59,59,59,59,59,59,59,0
59,59,59,59,59,59,59,59,59,59,59,59,59,59,59,59,59,59,59,59,0
59,59,59,59,59,59,59,59,59,59,59,59,59,59,59,59,59,59,59,59,0
59,59,59,59,59,59,59,59,59,59,59,59,59,59,59,59,59,59,59,59,0
59,59,59,59,59,59,59,59,59,59,59,59,59,59,59,59,59,59,59,59,0
59,59,59,59,59,59,59,59,59,59,59,59,59,59,59,59,59,59,59,59,0
59,59,59,59,59,59,59,59,59,59,59,59,59,59,59,59,59,59,59,59,0
59,59,59,59,59,59,59,59,59,59,59,59,59,59,59,59,59,59,59,59,0
60,59,59,59,59,59,59,59,59,59,59,59,59,59,59,59,59,59,59,59,0
60,60,59,59,59,59,59,59,59,59,59,59,59,59,59,59,59,59,59,59,0
60,60,60,59,59,59,59,59,59,59,59,59,59,59,59,59,59,59,59,59,1
60,60,60,60,59,59,59,59,59,59,59,59,59,59,59,59,59,59,59,59,1
60,60,60,60,60,59,59,59,59,59,59,59,59,59,59,59,59,59,59,59,1
60,60,60,60,60,60,59,59,59,59,59,59,59,59,59,59,59,59,59,59,1
60,60,60,60,60,60,60,59,59,59,59,59,59,59,59,59,59,59,59,59,1
60,60,60,60,60,60,60,60,59,59,59,59,59,59,59,59,59,59,59,59,1
60,60,60,60,60,60,60,60,60,59,59,59,59,59,59,59,59,59,59,59,1
60,60,60,60,60,60,60,60,60,60,59,59,59,59,59,59,59,59,59,59,1
60,60,60,60,60,60,60,60,60,60,60,59,59,59,59,59,59,59,59,59,1
60,60,60,60,60,60,60,60,60,60,60,60,59,59,59,59,59,59,59,59,1
60,60,60,60,60,60,60,60,60,60,60,60,60,59,59,59,59,59,59,59,1
58,60,60,60,60,60,60,60,60,60,60,60,60,60,59,59,59,59,59,59,1
58,58,60,60,60,60,60,60,60,60,60,60,60,60,60,59,59,59,59,59,1
57,58,58,60,60,60,60,60,60,60,60,60,60,60,60,60,59,59,59,59,1
57,57,58,58,60,60,60,60,60,60,60,60,60,60,60,60,60,59,59,59,1
57,57,57,58,58,60,60,60,60,60,60,60,60,60,60,60,60,60,59,59,1
57,57,57,57,58,58,60,60,60,60,60,60,60,60,60,60,60,60,60,59,1
57,57,57,57,57,58,58,60,60,60,60,60,60,60,60,60,60,60,60,60,1
56,57,57,57,57,57,58,58,60,60,60,60,60,60,60,60,60,60,60,60,1
54,56,57,57,57,57,57,58,58,60,60,60,60,60,60,60,60,60,60,60,1
53,54,56,57,57,57,57,57,58,58,60,60,60,60,60,60,60,60,60,60,1
53,53,54,56,57,57,57,57,57,58,58,60,60,60,60,60,60,60,60,60,1
53,53,53,54,56,57,57,57,57,57,58,58,60,60,60,60,60,60,60,60,1
53,53,53,53,54,56,57,57,57,57,57,58,58,60,60,60,60,60,60,60,1
53,53,53,53,53,54,56,57,57,57,57,57,58,58,60,60,60,60,60,60,1
53,53,53,53,53,53,54,56,57,57,57,57,57,58,58,60,60,60,60,60,1
54,53,53,53,53,53,53,54,56,57,57,57,57,57,58,58,60,60,60,60,1
54,54,53,53,53,53,53,53,54,56,57,57,57,57,57,58,58,60,60,60,1
57,54,54,53,53,53,53,53,53,54,56,57,57,57,57,57,58,58,60,60,0
57,57,54,54,53,53,53,53,53,53,54,56,57,57,57,57,57,58,58,60,0
57,57,57,54,54,53,53,53,53,53,53,54,56,57,57,57,57,57,58,58,0
57,57,57,57,54,54,53,53,53,53,53,53,54,56,57,57,57,57,57,58,0
56,57,57,57,57,54,54,53,53,53,53,53,53,54,56,57,57,57,57,57,0
55,56,57,57,57,57,54,54,53,53,53,53,53,53,54,56,57,57,57,57,0
53,55,56,57,57,57,57,54,54,53,53,53,53,53,53,54,56,57,57,57,0
53,53,55,56,57,57,57,57,54,54,53,53,53,53,53,53,54,56,57,57,0
52,53,53,55,56,57,57,57,57,54,54,53,53,53,53,53,53,54,56,57,0
51,52,53,53,55,56,57,57,57,57,54,54,53,53,53,53,53,53,54,56,0
49,51,52,53,53,55,56,57,57,57,57,54,54,53,53,53,53,53,53,54,0
48,49,51,52,53,53,55,56,57,57,57,57,54,54,53,53,53,53,53,53,0
47,48,49,51,52,53,53,55,56,57,57,57,57,54,54,53,53,53,53,53,0
47,47,48,49,51,52,53,53,55,56,57,57,57,57,54,54,53,53,53,53,0
47,47,47,48,49,51,52,53,53,55,56,57,57,57,57,54,54,53,53,53,0
47,47,47,47,48,49,51,52,53,53,55,56,57,57,57,57,54,54,53,53,0
46,47,47,47,47,48,49,51,52,53,53,55,56,57,57,57,57,54,54,53,0
45,46,47,47,47,47,48,49,51,52,53,53,55,56,57,57,57,57,54,54,0
44,45,46,47,47,47,47,48,49,51,52,53,53,55,56,57,57,57,57,54,0
44,44,45,46,47,47,47,47,48,49,51,52,53,53,55,56,57,57,57,57,0
44,44,44,45,46,47,47,47,47,48,49,51,52,53,53,55,56,57,57,57,0
45,44,44,44,45,46,47,47,47,47,48,49,51,52,53,53,55,56,57,57,0
47,45,44,44,44,45,46,47,47,47,47,48,49,51,52,53,53,55,56,57,0
49,47,45,44,44,44,45,46,47,47,47,47,48,49,51,52,53,53,55,56,0
51,49,47,45,44,44,44,45,46,47,47,47,47,48,49,51,52,53,53,55,0
52,51,49,47,45,44,44,44,45,46,47,47,47,47,48,49,51,52,53,53,0
54,52,51,49,47,45,44,44,44,45,46,47,47,47,47,48,49,51,52,53,0
55,54,52,51,49,47,45,44,44,44,45,46,47,47,47,47,48,49,51,52,0
56,55,54,52,51,49,47,45,44,44,44,45,46,47,47,47,47,48,49,51,0
56,56,55,54,52,51,49,47,45,44,44,44,45,46,47,47,47,47,48,49,0
57,56,56,55,54,52,51,49,47,45,44,44,44,45,46,47,47,47,47,48,0
57,57,56,56,55,54,52,51,49,47,45,44,44,44,45,46,47,47,47,47,0
57,57,57,56,56,55,54,52,51,49,47,45,44,44,44,45,46,47,47,47,0
57,57,57,57,56,56,55,54,52,51,49,47,45,44,44,44,45,46,47,47,0
59,57,57,57,57,56,56,55,54,52,51,49,47,45,44,44,44,45,46,47,0
60,59,57,57,57,57,56,56,55,54,52,51,49,47,45,44,44,44,45,46,0
60,60,59,57,57,57,57,56,56,55,54,52,51,49,47,45,44,44,44,45,0
60,60,60,59,57,57,57,57,56,56,55,54,52,51,49,47,45,44,44,44,1
60,60,60,60,59,57,57,57,57,56,56,55,54,52,51,49,47,45,44,44,1
60,60,60,60,60,59,57,57,57,57,56,56,55,54,52,51,49,47,45,44,1
61,60,60,60,60,60,59,57,57,57,57,56,56,55,54,52,51,49,47,45,1
61,61,60,60,60,60,60,59,57,57,57,57,56,56,55,54,52,51,49,47,1
61,61,61,60,60,60,60,60,59,57,57,57,57,56,56,55,54,52,51,49,1
61,61,61,61,60,60,60,60,60,59,57,57,57,57,56,56,55,54,52,51,1
61,61,61,61,61,60,60,60,60,60,59,57,57,57,57,56,56,55,54,52,1
61,61,61,61,61,61,60,60,60,60,60,59,57,57,57,57,56,56,55,54,1
61,61,61,61,61,61,61,60,60,60,60,60,59,57,57,57,57,56,56,55,1
61,61,61,61,61,61,61,61,60,60,60,60,60,59,57,57,57,57,56,56,1
61,61,61,61,61,61,61,61,61,60,60,60,60,60,59,57,57,57,57,56,1
61,61,61,61,61,61,61,61,61,61,60,60,60,60,60,59,57,57,57,57,1
61,61,61,61,61,61,61,61,61,61,61,60,60,60,60,60,59,57,57,57,1
61,61,61,61,61,61,61,61,61,61,61,61,60,60,60,60,60,59,57,57,1
61,61,61,61,61,61,61,61,61,61,61,61,61,60,60,60,60,60,59,57,1
59,61,61,61,61,61,61,61,61,61,61,61,61,61,60,60,60,60,60,59,1
58,59,61,61,61,61,61,61,61,61,61,61,61,61,61,60,60,60,60,60,1
58,58,59,61,61,61,61,61,61,61,61,61,61,61,61,61,60,60,60,60,1
57,58,58,59,61,61,61,61,61,61,61,61,61,61,61,61,61,60,60,60,1
56,57,58,58,59,61,61,61,61,61,61,61,61,61,61,61,61,61,60,60,1
54,56,57,58,58,59,61,61,61,61,61,61,61,61,61,61,61,61,61,60,1
54,54,56,57,58,58,59,61,61,61,61,61,61,61,61,61,61,61,61,61,1
54,54,54,56,57,58,58,59,61,61,61,61,61,61,61,61,61,61,61,61,1
54,54,54,54,56,57,58,58,59,61,61,61,61,61,61,61,61,61,61,61,1
55,54,54,54,54,56,57,58,58,59,61,61,61,61,61,61,61,61,61,61,1
56,55,54,54,54,54,56,57,58,58,59,61,61,61,61,61,61,61,61,61,1
57,56,55,54,54,54,54,56,57,58,58,59,61,61,61,61,61,61,61,61,1
58,57,56,55,54,54,54,54,56,57,58,58,59,61,61,61,61,61,61,61,1
60,58,57,56,55,54,54,54,54,56,57,58,58,59,61,61,61,61,61,61,1
60,60,58,57,56,55,54,54,54,54,56,57,58,58,59,61,61,61,61,61,1
60,60,60,58,57,56,55,54,54,54,54,56,57,58,58,59,61,61,61,61,1
60,60,60,60,58,57,56,55,54,54,54,54,56,57,58,58,59,61,61,61,1
60,60,60,60,60,58,57,56,55,54,54,54,54,56,57,58,58,59,61,61,1
60,60,60,60,60,60,58,57,56,55,54,54,54,54,56,57,58,58,59,61,1
60,60,60,60,60,60,60,58,57,56,55,54,54,54,54,56,57,58,58,59,1
59,60,60,60,60,60,60,60,58,57,56,55,54,54,54,54,56,57,58,58,1
59,59,60,60,60,60,60,60,60,58,57,56,55,54,54,54,54,56,57,58,1
57,59,59,60,60,60,60,60,60,60,58,57,56,55,54,54,54,54,56,57,1
57,57,59,59,60,60,60,60,60,60,60,58,57,56,55,54,54,54,54,56,1
55,57,57,59,59,60,60,60,60,60,60,60,58,57,56,55,54,54,54,54,1
55,55,57,57,59,59,60,60,60,60,60,60,60,58,57,56,55,54,54,54,1
52,55,55,57,57,59,59,60,60,60,60,60,60,60,58,57,56,55,54,54,1
51,52,55,55,57,57,59,59,60,60,60,60,60,60,60,58,57,56,55,54,1
50,51,52,55,55,57,57,59,59,60,60,60,60,60,60,60,58,57,56,55,1
49,50,51,52,55,55,57,57,59,59,60,60,60,60,60,60,60,58,57,56,1
51,49,50,51,52,55,55,57,57,59,59,60,60,60,60,60,60,60,58,57,1
54,51,49,50,51,52,55,55,57,57,59,59,60,60,60,60,60,60,60,58,1
55,54,51,49,50,51,52,55,55,57,57,59,59,60,60,60,60,60,60,60,1
58,55,54,51,49,50,51,52,55,55,57,57,59,59,60,60,60,60,60,60,1
60,58,55,54,51,49,50,51,52,55,55,57,57,59,59,60,60,60,60,60,1
61,60,58,55,54,51,49,50,51,52,55,55,57,57,59,59,60,60,60,60,1
61,61,60,58,55,54,51,49,50,51,52,55,55,57,57,59,59,60,60,60,1
63,61,61,60,58,55,54,51,49,50,51,52,55,55,57,57,59,59,60,60,1
63,63,61,61,60,58,55,54,51,49,50,51,52,55,55,57,57,59,59,60,1
63,63,63,61,61,60,58,55,54,51,49,50,51,52,55,55,57,57,59,59,1
63,63,63,63,61,61,60,58,55,54,51,49,50,51,52,55,55,57,57,59,1
63,63,63,63,63,61,61,60,58,55,54,51,49,50,51,52,55,55,57,57,1
63,63,63,63,63,63,61,61,60,58,55,54,51,49,50,51,52,55,55,57,1
61,63,63,63,63,63,63,61,61,60,58,55,54,51,49,50,51,52,55,55,1
60,61,63,63,63,63,63,63,61,61,60,58,55,54,51,49,50,51,52,55,1
57,60,61,63,63,63,63,63,63,61,61,60,58,55,54,51,49,50,51,52,1
56,57,60,61,63,63,63,63,63,63,61,61,60,58,55,54,51,49,50,51,1
52,56,57,60,61,63,63,63,63,63,63,61,61,60,58,55,54,51,49,50,1
49,52,56,57,60,61,63,63,63,63,63,63,61,61,60,58,55,54,51,49,1
46,49,52,56,57,60,61,63,63,63,63,63,63,61,61,60,58,55,54,51,1
42,46,49,52,56,57,60,61,63,63,63,63,63,63,61,61,60,58,55,54,1
41,42,46,49,52,56,57,60,61,63,63,63,63,63,63,61,61,60,58,55,1
39,41,42,46,49,52,56,57,60,61,63,63,63,63,63,63,61,61,60,58,1
36,39,41,42,46,49,52,56,57,60,61,63,63,63,63,63,63,61,61,60,1
36,36,39,41,42,46,49,52,56,57,60,61,63,63,63,63,63,63,61,61,1
34,36,36,39,41,42,46,49,52,56,57,60,61,63,63,63,63,63,63,61,1
33,34,36,36,39,41,42,46,49,52,56,57,60,61,63,63,63,63,63,63,1
33,33,34,36,36,39,41,42,46,49,52,56,57,60,61,63,63,63,63,63,1
35,33,33,34,36,36,39,41,42,46,49,52,56,57,60,61,63,63,63,63,1
37,35,33,33,34,36,36,39,41,42,46,49,52,56,57,60,61,63,63,63,1
39,37,35,33,33,34,36,36,39,41,42,46,49,52,56,57,60,61,63,63,1
43,39,37,35,33,33,34,36,36,39,41,42,46,49,52,56,57,60,61,63,1
45,43,39,37,35,33,33,34,36,36,39,41,42,46,49,52,56,57,60,61,0
50,45,43,39,37,35,33,33,34,36,36,39,41,42,46,49,52,56,57,60,0
50,50,45,43,39,37,35,33,33,34,36,36,39,41,42,46,49,52,56,57,0
50,50,50,45,43,39,37,35,33,33,34,36,36,39,41,42,46,49,52,56,0
49,50,50,50,45,43,39,37,35,33,33,34,36,36,39,41,42,46,49,52,0
49,49,50,50,50,45,43,39,37,35,33,33,34,36,36,39,41,42,46,49,0
46,49,49,50,50,50,45,43,39,37,35,33,33,34,36,36,39,41,42,46,0
44,46,49,49,50,50,50,45,43,39,37,35,33,33,34,36,36,39,41,42,0
42,44,46,49,49,50,50,50,45,43,39,37,35,33,33,34,36,36,39,41,0
40,42,44,46,49,49,50,50,50,45,43,39,37,35,33,33,34,36,36,39,0
38,40,42,44,46,49,49,50,50,50,45,43,39,37,35,33,33,34,36,36,0
36,38,40,42,44,46,49,49,50,50,50,45,43,39,37,35,33,33,34,36,0
33,36,38,40,42,44,46,49,49,50,50,50,45,43,39,37,35,33,33,34,0
33,33,36,38,40,42,44,46,49,49,50,50,50,45,43,39,37,35,33,33,0
33,33,33,36,38,40,42,44,46,49,49,50,50,50,45,43,39,37,35,33,0
35,33,33,33,36,38,40,42,44,46,49,49,50,50,50,45,43,39,37,35,0
39,35,33,33,33,36,38,40,42,44,46,49,49,50,50,50,45,43,39,37,0
40,39,35,33,33,33,36,38,40,42,44,46,49,49,50,50,50,45,43,39,0
43,40,39,35,33,33,33,36,38,40,42,44,46,49,49,50,50,50,45,43,0
45,43,40,39,35,33,33,33,36,38,40,42,44,46,49,49,50,50,50,45,0
48,45,43,40,39,35,33,33,33,36,38,40,42,44,46,49,49,50,50,50,0
50,48,45,43,40,39,35,33,33,33,36,38,40,42,44,46,49,49,50,50,0
50,50,48,45,43,40,39,35,33,33,33,36,38,40,42,44,46,49,49,50,0
51,50,50,48,45,43,40,39,35,33,33,33,36,38,40,42,44,46,49,49,0
51,51,50,50,48,45,43,40,39,35,33,33,33,36,38,40,42,44,46,49,0
51,51,51,50,50,48,45,43,40,39,35,33,33,33,36,38,40,42,44,46,0
51,51,51,51,50,50,48,45,43,40,39,35,33,33,33,36,38,40,42,44,0
48,51,51,51,51,50,50,48,45,43,40,39,35,33,33,33,36,38,40,42,0
48,48,51,51,51,51,50,50,48,45,43,40,39,35,33,33,33,36,38,40,0
47,48,48,51,51,51,51,50,50,48,45,43,40,39,35,33,33,33,36,38,0
45,47,48,48,51,51,51,51,50,50,48,45,43,40,39,35,33,33,33,36,0
45,45,47,48,48,51,51,51,51,50,50,48,45,43,40,39,35,33,33,33,0
43,45,45,47,48,48,51,51,51,51,50,50,48,45,43,40,39,35,33,33,0
43,43,45,45,47,48,48,51,51,51,51,50,50,48,45,43,40,39,35,33,0
42,43,43,45,45,47,48,48,51,51,51,51,50,50,48,45,43,40,39,35,0
43,42,43,43,45,45,47,48,48,51,51,51,51,50,50,48,45,43,40,39,0
45,43,42,43,43,45,45,47,48,48,51,51,51,51,50,50,48,45,43,40,0
45,45,43,42,43,43,45,45,47,48,48,51,51,51,51,50,50,48,45,43,0
49,45,45,43,42,43,43,45,45,47,48,48,51,51,51,51,50,50,48,45,0
50,49,45,45,43,42,43,43,45,45,47,48,48,51,51,51,51,50,50,48,0
54,50,49,45,45,43,42,43,43,45,45,47,48,48,51,51,51,51,50,50,0
54,54,50,49,45,45,43,42,43,43,45,45,47,48,48,51,51,51,51,50,0
54,54,54,50,49,45,45,43,42,43,43,45,45,47,48,48,51,51,51,51,0
54,54,54,54,50,49,45,45,43,42,43,43,45,45,47,48,48,51,51,51,0
54,54,54,54,54,50,49,45,45,43,42,43,43,45,45,47,48,48,51,51,0
54,54,54,54,54,54,50,49,45,45,43,42,43,43,45,45,47,48,48,51,0
52,54,54,54,54,54,54,50,49,45,45,43,42,43,43,45,45,47,48,48,0
50,52,54,54,54,54,54,54,50,49,45,45,43,42,43,43,45,45,47,48,0
49,50,52,54,54,54,54,54,54,50,49,45,45,43,42,43,43,45,45,47,0
49,49,50,52,54,54,54,54,54,54,50,49,45,45,43,42,43,43,45,45,0
49,49,49,50,52,54,54,54,54,54,54,50,49,45,45,43,42,43,43,45,0
52,49,49,49,50,52,54,54,54,54,54,54,50,49,45,45,43,42,43,43,0
54,52,49,49,49,50,52,54,54,54,54,54,54,50,49,45,45,43,42,43,0
54,54,52,49,49,49,50,52,54,54,54,54,54,54,50,49,45,45,43,42,0
54,54,54,52,49,49,49,50,52,54,54,54,54,54,54,50,49,45,45,43,0
54,54,54,54,52,49,49,49,50,52,54,54,54,54,54,54,50,49,45,45,0
56,54,54,54,54,52,49,49,49,50,52,54,54,54,54,54,54,50,49,45,0
57,56,54,54,54,54,52,49,49,49,50,52,54,54,54,54,54,54,50,49,0
57,57,56,54,54,54,54,52,49,49,49,50,52,54,54,54,54,54,54,50,0
56,57,57,56,54,54,54,54,52,49,49,49,50,52,54,54,54,54,54,54,0
53,56,57,57,56,54,54,54,54,52,49,49,49,50,52,54,54,54,54,54,0
53,53,56,57,57,56,54,54,54,54,52,49,49,49,50,52,54,54,54,54,0
51,53,53,56,57,57,56,54,54,54,54,52,49,49,49,50,52,54,54,54,0
50,51,53,53,56,57,57,56,54,54,54,54,52,49,49,49,50,52,54,54,0
50,50,51,53,53,56,57,57,56,54,54,54,54,52,49,49,49,50,52,54,0
50,50,50,51,53,53,56,57,57,56,54,54,54,54,52,49,49,49,50,52,0
54,50,50,50,51,53,53,56,57,57,56,54,54,54,54,52,49,49,49,50,0
57,54,50,50,50,51,53,53,56,57,57,56,54,54,54,54,52,49,49,49,0
64,57,54,50,50,50,51,53,53,56,57,57,56,54,54,54,54,52,49,49,0
64,64,57,54,50,50,50,51,53,53,56,57,57,56,54,54,54,54,52,49,0
64,64,64,57,54,50,50,50,51,53,53,56,57,57,56,54,54,54,54,52,1
55,64,64,64,57,54,50,50,50,51,53,53,56,57,57,56,54,54,54,54,1
50,55,64,64,64,57,54,50,50,50,51,53,53,56,57,57,56,54,54,54,1
50,50,55,64,64,64,57,54,50,50,50,51,53,53,56,57,57,56,54,54,1
50,50,50,55,64,64,64,57,54,50,50,50,51,53,53,56,57,57,56,54,1
50,50,50,50,55,64,64,64,57,54,50,50,50,51,53,53,56,57,57,56,1
50,50,50,50,50,55,64,64,64,57,54,50,50,50,51,53,53,56,57,57,1
52,50,50,50,50,50,55,64,64,64,57,54,50,50,50,51,53,53,56,57,1
54,52,50,50,50,50,50,55,64,64,64,57,54,50,50,50,51,53,53,56,1
54,54,52,50,50,50,50,50,55,64,64,64,57,54,50,50,50,51,53,53,1
52,54,54,52,50,50,50,50,50,55,64,64,64,57,54,50,50,50,51,53,1
49,52,54,54,52,50,50,50,50,50,55,64,64,64,57,54,50,50,50,51,1
49,49,52,54,54,52,50,50,50,50,50,55,64,64,64,57,54,50,50,50,1
49,49,49,52,54,54,52,50,50,50,50,50,55,64,64,64,57,54,50,50,1
47,49,49,49,52,54,54,52,50,50,50,50,50,55,64,64,64,57,54,50,1
45,47,49,49,49,52,54,54,52,50,50,50,50,50,55,64,64,64,57,54,1
45,45,47,49,49,49,52,54,54,52,50,50,50,50,50,55,64,64,64,57,1
45,45,45,47,49,49,49,52,54,54,52,50,50,50,50,50,55,64,64,64,1
45,45,45,45,47,49,49,49,52,54,54,52,50,50,50,50,50,55,64,64,0
50,45,45,45,45,47,49,49,49,52,54,54,52,50,50,50,50,50,55,64,0
51,50,45,45,45,45,47,49,49,49,52,54,54,52,50,50,50,50,50,55,0
51,51,50,45,45,45,45,47,49,49,49,52,54,54,52,50,50,50,50,50,0
52,51,51,50,45,45,45,45,47,49,49,49,52,54,54,52,50,50,50,50,0
52,52,51,51,50,45,45,45,45,47,49,49,49,52,54,54,52,50,50,50,0
52,52,52,51,51,50,45,45,45,45,47,49,49,49,52,54,54,52,50,50,0
49,52,52,52,51,51,50,45,45,45,45,47,49,49,49,52,54,54,52,50,0
46,49,52,52,52,51,51,50,45,45,45,45,47,49,49,49,52,54,54,52,0
42,46,49,52,52,52,51,51,50,45,45,45,45,47,49,49,49,52,54,54,0
39,42,46,49,52,52,52,51,51,50,45,45,45,45,47,49,49,49,52,54,0
39,39,42,46,49,52,52,52,51,51,50,45,45,45,45,47,49,49,49,52,0
39,39,39,42,46,49,52,52,52,51,51,50,45,45,45,45,47,49,49,49,0
39,39,39,39,42,46,49,52,52,52,51,51,50,45,45,45,45,47,49,49,0
55,39,39,39,39,42,46,49,52,52,52,51,51,50,45,45,45,45,47,49,0
70,55,39,39,39,39,42,46,49,52,52,52,51,51,50,45,45,45,45,47,0
76,70,55,39,39,39,39,42,46,49,52,52,52,51,51,50,45,45,45,45,0
73,76,70,55,39,39,39,39,42,46,49,52,52,52,51,51,50,45,45,45,1
55,73,76,70,55,39,39,39,39,42,46,49,52,52,52,51,51,50,45,45,1
33,55,73,76,70,55,39,39,39,39,42,46,49,52,52,52,51,51,50,45,1
32,33,55,73,76,70,55,39,39,39,39,42,46,49,52,52,52,51,51,50,1
32,32,33,55,73,76,70,55,39,39,39,39,42,46,49,52,52,52,51,51,1
32,32,32,33,55,73,76,70,55,39,39,39,39,42,46,49,52,52,52,51,1
32,32,32,32,33,55,73,76,70,55,39,39,39,39,42,46,49,52,52,52,1
32,32,32,32,32,33,55,73,76,70,55,39,39,39,39,42,46,49,52,52,1
32,32,32,32,32,32,33,55,73,76,70,55,39,39,39,39,42,46,49,52,1
35,32,32,32,32,32,32,33,55,73,76,70,55,39,39,39,39,42,46,49,1
36,35,32,32,32,32,32,32,33,55,73,76,70,55,39,39,39,39,42,46,1
43,36,35,32,32,32,32,32,32,33,55,73,76,70,55,39,39,39,39,42,1
48,43,36,35,32,32,32,32,32,32,33,55,73,76,70,55,39,39,39,39,1
48,48,43,36,35,32,32,32,32,32,32,33,55,73,76,70,55,39,39,39,1
48,48,48,43,36,35,32,32,32,32,32,32,33,55,73,76,70,55,39,39,1
43,48,48,48,43,36,35,32,32,32,32,32,32,33,55,73,76,70,55,39,1
43,43,48,48,48,43,36,35,32,32,32,32,32,32,33,55,73,76,70,55,1
43,43,43,48,48,48,43,36,35,32,32,32,32,32,32,33,55,73,76,70,1
46,43,43,43,48,48,48,43,36,35,32,32,32,32,32,32,33,55,73,76,0
48,46,43,43,43,48,48,48,43,36,35,32,32,32,32,32,32,33,55,73,0
48,48,46,43,43,43,48,48,48,43,36,35,32,32,32,32,32,32,33,55,0
48,48,48,46,43,43,43,48,48,48,43,36,35,32,32,32,32,32,32,33,0
48,48,48,48,46,43,43,43,48,48,48,43,36,35,32,32,32,32,32,32,0
43,48,48,48,48,46,43,43,43,48,48,48,43,36,35,32,32,32,32,32,0
40,43,48,48,48,48,46,43,43,43,48,48,48,43,36,35,32,32,32,32,0
40,40,43,48,48,48,48,46,43,43,43,48,48,48,43,36,35,32,32,32,0
39,40,40,43,48,48,48,48,46,43,43,43,48,48,48,43,36,35,32,32,0
38,39,40,40,43,48,48,48,48,46,43,43,43,48,48,48,43,36,35,32,0
36,38,39,40,40,43,48,48,48,48,46,43,43,43,48,48,48,43,36,35,0
35,36,38,39,40,40,43,48,48,48,48,46,43,43,43,48,48,48,43,36,0
33,35,36,38,39,40,40,43,48,48,48,48,46,43,43,43,48,48,48,43,0
30,33,35,36,38,39,40,40,43,48,48,48,48,46,43,43,43,48,48,48,0
29,30,33,35,36,38,39,40,40,43,48,48,48,48,46,43,43,43,48,48,0
29,29,30,33,35,36,38,39,40,40,43,48,48,48,48,46,43,43,43,48,0
29,29,29,30,33,35,36,38,39,40,40,43,48,48,48,48,46,43,43,43,0
32,29,29,29,30,33,35,36,38,39,40,40,43,48,48,48,48,46,43,43,0
34,32,29,29,29,30,33,35,36,38,39,40,40,43,48,48,48,48,46,43,0
36,34,32,29,29,29,30,33,35,36,38,39,40,40,43,48,48,48,48,46,0
39,36,34,32,29,29,29,30,33,35,36,38,39,40,40,43,48,48,48,48,0
39,39,36,34,32,29,29,29,30,33,35,36,38,39,40,40,43,48,48,48,0
42,39,39,36,34,32,29,29,29,30,33,35,36,38,39,40,40,43,48,48,0
43,42,39,39,36,34,32,29,29,29,30,33,35,36,38,39,40,40,43,48,0
45,43,42,39,39,36,34,32,29,29,29,30,33,35,36,38,39,40,40,43,0
46,45,43,42,39,39,36,34,32,29,29,29,30,33,35,36,38,39,40,40,0
46,46,45,43,42,39,39,36,34,32,29,29,29,30,33,35,36,38,39,40,0
46,46,46,45,43,42,39,39,36,34,32,29,29,29,30,33,35,36,38,39,0
46,46,46,46,45,43,42,39,39,36,34,32,29,29,29,30,33,35,36,38,0
42,46,46,46,46,45,43,42,39,39,36,34,32,29,29,29,30,33,35,36,0
40,42,46,46,46,46,45,43,42,39,39,36,34,32,29,29,29,30,33,35,0
40,40,42,46,46,46,46,45,43,42,39,39,36,34,32,29,29,29,30,33,0
40,40,40,42,46,46,46,46,45,43,42,39,39,36,34,32,29,29,29,30,0
39,40,40,40,42,46,46,46,46,45,43,42,39,39,36,34,32,29,29,29,0
39,39,40,40,40,42,46,46,46,46,45,43,42,39,39,36,34,32,29,29,0
51,39,39,40,40,40,42,46,46,46,46,45,43,42,39,39,36,34,32,29,0
61,51,39,39,40,40,40,42,46,46,46,46,45,43,42,39,39,36,34,32,0
82,61,51,39,39,40,40,40,42,46,46,46,46,45,43,42,39,39,36,34,0
76,82,61,51,39,39,40,40,40,42,46,46,46,46,45,43,42,39,39,36,1
38,76,82,61,51,39,39,40,40,40,42,46,46,46,46,45,43,42,39,39,1
18,38,76,82,61,51,39,39,40,40,40,42,46,46,46,46,45,43,42,39,1
17,18,38,76,82,61,51,39,39,40,40,40,42,46,46,46,46,45,43,42,1
17,17,18,38,76,82,61,51,39,39,40,40,40,42,46,46,46,46,45,43,1
18,17,17,18,38,76,82,61,51,39,39,40,40,40,42,46,46,46,46,45,1
21,18,17,17,18,38,76,82,61,51,39,39,40,40,40,42,46,46,46,46,1
26,21,18,17,17,18,38,76,82,61,51,39,39,40,40,40,42,46,46,46,1
42,26,21,18,17,17,18,38,76,82,61,51,39,39,40,40,40,42,46,46,1
42,42,26,21,18,17,17,18,38,76,82,61,51,39,39,40,40,40,42,46,1
42,42,42,26,21,18,17,17,18,38,76,82,61,51,39,39,40,40,40,42,1
42,42,42,42,26,21,18,17,17,18,38,76,82,61,51,39,39,40,40,40,1
42,42,42,42,42,26,21,18,17,17,18,38,76,82,61,51,39,39,40,40,1
42,42,42,42,42,42,26,21,18,17,17,18,38,76,82,61,51,39,39,40,1
42,42,42,42,42,42,42,26,21,18,17,17,18,38,76,82,61,51,39,39,1
40,42,42,42,42,42,42,42,26,21,18,17,17,18,38,76,82,61,51,39,1
40,40,42,42,42,42,42,42,42,26,21,18,17,17,18,38,76,82,61,51,1
40,40,40,42,42,42,42,42,42,42,26,21,18,17,17,18,38,76,82,61,1
40,40,40,40,42,42,42,42,42,42,42,26,21,18,17,17,18,38,76,82,0
39,40,40,40,40,42,42,42,42,42,42,42,26,21,18,17,17,18,38,76,0
38,39,40,40,40,40,42,42,42,42,42,42,42,26,21,18,17,17,18,38,0
38,38,39,40,40,40,40,42,42,42,42,42,42,42,26,21,18,17,17,18,0
42,38,38,39,40,40,40,40,42,42,42,42,42,42,42,26,21,18,17,17,0
43,42,38,38,39,40,40,40,40,42,42,42,42,42,42,42,26,21,18,17,0
43,43,42,38,38,39,40,40,40,40,42,42,42,42,42,42,42,26,21,18,0
43,43,43,42,38,38,39,40,40,40,40,42,42,42,42,42,42,42,26,21,0
43,43,43,43,42,38,38,39,40,40,40,40,42,42,42,42,42,42,42,26,0
46,43,43,43,43,42,38,38,39,40,40,40,40,42,42,42,42,42,42,42,0
55,46,43,43,43,43,42,38,38,39,40,40,40,40,42,42,42,42,42,42,0
61,55,46,43,43,43,43,42,38,38,39,40,40,40,40,42,42,42,42,42,0
39,61,55,46,43,43,43,43,42,38,38,39,40,40,40,40,42,42,42,42,0
10,39,61,55,46,43,43,43,43,42,38,38,39,40,40,40,40,42,42,42,0
12,10,39,61,55,46,43,43,43,43,42,38,38,39,40,40,40,40,42,42,0
12,12,10,39,61,55,46,43,43,43,43,42,38,38,39,40,40,40,40,42,0
24,12,12,10,39,61,55,46,43,43,43,43,42,38,38,39,40,40,40,40,0
36,24,12,12,10,39,61,55,46,43,43,43,43,42,38,38,39,40,40,40,0
55,36,24,12,12,10,39,61,55,46,43,43,43,43,42,38,38,39,40,40,0
82,55,36,24,12,12,10,39,61,55,46,43,43,43,43,42,38,38,39,40,0
76,82,55,36,24,12,12,10,39,61,55,46,43,43,43,43,42,38,38,39,1
57,76,82,55,36,24,12,12,10,39,61,55,46,43,43,43,43,42,38,38,1
30,57,76,82,55,36,24,12,12,10,39,61,55,46,43,43,43,43,42,38,1
42,30,57,76,82,55,36,24,12,12,10,39,61,55,46,43,43,43,43,42,1
54,42,30,57,76,82,55,36,24,12,12,10,39,61,55,46,43,43,43,43,1
54,54,42,30,57,76,82,55,36,24,12,12,10,39,61,55,46,43,43,43,1
54,54,54,42,30,57,76,82,55,36,24,12,12,10,39,61,55,46,43,43,1
54,54,54,54,42,30,57,76,82,55,36,24,12,12,10,39,61,55,46,43,1
54,54,54,54,54,42,30,57,76,82,55,36,24,12,12,10,39,61,55,46,1
56,54,54,54,54,54,42,30,57,76,82,55,36,24,12,12,10,39,61,55,1
58,56,54,54,54,54,54,42,30,57,76,82,55,36,24,12,12,10,39,61,1
58,58,56,54,54,54,54,54,42,30,57,76,82,55,36,24,12,12,10,39,0
58,58,58,56,54,54,54,54,54,42,30,57,76,82,55,36,24,12,12,10,0
54,58,58,58,56,54,54,54,54,54,42,30,57,76,82,55,36,24,12,12,0
52,54,58,58,58,56,54,54,54,54,54,42,30,57,76,82,55,36,24,12,0
51,52,54,58,58,58,56,54,54,54,54,54,42,30,57,76,82,55,36,24,0
51,51,52,54,58,58,58,56,54,54,54,54,54,42,30,57,76,82,55,36,0
51,51,51,52,54,58,58,58,56,54,54,54,54,54,42,30,57,76,82,55,0
51,51,51,51,52,54,58,58,58,56,54,54,54,54,54,42,30,57,76,82,0
48,51,51,51,51,52,54,58,58,58,56,54,54,54,54,54,42,30,57,76,0
46,48,51,51,51,51,52,54,58,58,58,56,54,54,54,54,54,42,30,57,0
46,46,48,51,51,51,51,52,54,58,58,58,56,54,54,54,54,54,42,30,0
49,46,46,48,51,51,51,51,52,54,58,58,58,56,54,54,54,54,54,42,0
50,49,46,46,48,51,51,51,51,52,54,58,58,58,56,54,54,54,54,54,0
52,50,49,46,46,48,51,51,51,51,52,54,58,58,58,56,54,54,54,54,0
52,52,50,49,46,46,48,51,51,51,51,52,54,58,58,58,56,54,54,54,0
62,52,52,50,49,46,46,48,51,51,51,51,52,54,58,58,58,56,54,54,0
67,62,52,52,50,49,46,46,48,51,51,51,51,52,54,58,58,58,56,54,0
67,67,62,52,52,50,49,46,46,48,51,51,51,51,52,54,58,58,58,56,1
67,67,67,62,52,52,50,49,46,46,48,51,51,51,51,52,54,58,58,58,1
58,67,67,67,62,52,52,50,49,46,46,48,51,51,51,51,52,54,58,58,1
53,58,67,67,67,62,52,52,50,49,46,46,48,51,51,51,51,52,54,58,1
53,53,58,67,67,67,62,52,52,50,49,46,46,48,51,51,51,51,52,54,1
53,53,53,58,67,67,67,62,52,52,50,49,46,46,48,51,51,51,51,52,1
53,53,53,53,58,67,67,67,62,52,52,50,49,46,46,48,51,51,51,51,1
52,53,53,53,53,58,67,67,67,62,52,52,50,49,46,46,48,51,51,51,1
52,52,53,53,53,53,58,67,67,67,62,52,52,50,49,46,46,48,51,51,1
52,52,52,53,53,53,53,58,67,67,67,62,52,52,50,49,46,46,48,51,1
52,52,52,52,53,53,53,53,58,67,67,67,62,52,52,50,49,46,46,48,1
52,52,52,52,52,53,53,53,53,58,67,67,67,62,52,52,50,49,46,46,1
52,52,52,52,52,52,53,53,53,53,58,67,67,67,62,52,52,50,49,46,1
52,52,52,52,52,52,52,53,53,53,53,58,67,67,67,62,52,52,50,49,1
52,52,52,52,52,52,52,52,53,53,53,53,58,67,67,67,62,52,52,50,1
50,52,52,52,52,52,52,52,52,53,53,53,53,58,67,67,67,62,52,52,1
49,50,52,52,52,52,52,52,52,52,53,53,53,53,58,67,67,67,62,52,1
49,49,50,52,52,52,52,52,52,52,52,53,53,53,53,58,67,67,67,62,1
49,49,49,50,52,52,52,52,52,52,52,52,53,53,53,53,58,67,67,67,1
56,49,49,49,50,52,52,52,52,52,52,52,52,53,53,53,53,58,67,67,0
60,56,49,49,49,50,52,52,52,52,52,52,52,52,53,53,53,53,58,67,0
60,60,56,49,49,49,50,52,52,52,52,52,52,52,52,53,53,53,53,58,0
48,60,60,56,49,49,49,50,52,52,52,52,52,52,52,52,53,53,53,53,0
33,48,60,60,56,49,49,49,50,52,52,52,52,52,52,52,52,53,53,53,0
33,33,48,60,60,56,49,49,49,50,52,52,52,52,52,52,52,52,53,53,0
39,33,33,48,60,60,56,49,49,49,50,52,52,52,52,52,52,52,52,53,0
64,39,33,33,48,60,60,56,49,49,49,50,52,52,52,52,52,52,52,52,1
64,64,39,33,33,48,60,60,56,49,49,49,50,52,52,52,52,52,52,52,1
64,64,64,39,33,33,48,60,60,56,49,49,49,50,52,52,52,52,52,52,1
58,64,64,64,39,33,33,48,60,60,56,49,49,49,50,52,52,52,52,52,1
47,58,64,64,64,39,33,33,48,60,60,56,49,49,49,50,52,52,52,52,1
45,47,58,64,64,64,39,33,33,48,60,60,56,49,49,49,50,52,52,52,1
43,45,47,58,64,64,64,39,33,33,48,60,60,56,49,49,49,50,52,52,1
43,43,45,47,58,64,64,64,39,33,33,48,60,60,56,49,49,49,50,52,1
43,43,43,45,47,58,64,64,64,39,33,33,48,60,60,56,49,49,49,50,1
43,43,43,43,45,47,58,64,64,64,39,33,33,48,60,60,56,49,49,49,1
43,43,43,43,43,45,47,58,64,64,64,39,33,33,48,60,60,56,49,49,1
45,43,43,43,43,43,45,47,58,64,64,64,39,33,33,48,60,60,56,49,1
45,45,43,43,43,43,43,45,47,58,64,64,64,39,33,33,48,60,60,56,1
45,45,45,43,43,43,43,43,45,47,58,64,64,64,39,33,33,48,60,60,1
45,45,45,45,43,43,43,43,43,45,47,58,64,64,64,39,33,33,48,60,1
45,45,45,45,45,43,43,43,43,43,45,47,58,64,64,64,39,33,33,48,1
45,45,45,45,45,45,43,43,43,43,43,45,47,58,64,64,64,39,33,33,1
45,45,45,45,45,45,45,43,43,43,43,43,45,47,58,64,64,64,39,33,1
46,45,45,45,45,45,45,45,43,43,43,43,43,45,47,58,64,64,64,39,1
55,46,45,45,45,45,45,45,45,43,43,43,43,43,45,47,58,64,64,64,1
57,55,46,45,45,45,45,45,45,45,43,43,43,43,43,45,47,58,64,64,0
63,57,55,46,45,45,45,45,45,45,45,43,43,43,43,43,45,47,58,64,0
63,63,57,55,46,45,45,45,45,45,45,45,43,43,43,43,43,45,47,58,0
60,63,63,57,55,46,45,45,45,45,45,45,45,43,43,43,43,43,45,47,1
35,60,63,63,57,55,46,45,45,45,45,45,45,45,43,43,43,43,43,45,1
29,35,60,63,63,57,55,46,45,45,45,45,45,45,45,43,43,43,43,43,1
31,29,35,60,63,63,57,55,46,45,45,45,45,45,45,45,43,43,43,43,1
31,31,29,35,60,63,63,57,55,46,45,45,45,45,45,45,45,43,43,43,1
38,31,31,29,35,60,63,63,57,55,46,45,45,45,45,45,45,45,43,43,1
39,38,31,31,29,35,60,63,63,57,55,46,45,45,45,45,45,45,45,43,1
39,39,38,31,31,29,35,60,63,63,57,55,46,45,45,45,45,45,45,45,1
39,39,39,38,31,31,29,35,60,63,63,57,55,46,45,45,45,45,45,45,1
39,39,39,39,38,31,31,29,35,60,63,63,57,55,46,45,45,45,45,45,1
39,39,39,39,39,38,31,31,29,35,60,63,63,57,55,46,45,45,45,45,1
39,39,39,39,39,39,38,31,31,29,35,60,63,63,57,55,46,45,45,45,1
39,39,39,39,39,39,39,38,31,31,29,35,60,63,63,57,55,46,45,45,1
39,39,39,39,39,39,39,39,38,31,31,29,35,60,63,63,57,55,46,45,1
39,39,39,39,39,39,39,39,39,38,31,31,29,35,60,63,63,57,55,46,1
39,39,39,39,39,39,39,39,39,39,38,31,31,29,35,60,63,63,57,55,1
39,39,39,39,39,39,39,39,39,39,39,38,31,31,29,35,60,63,63,57,1
